{"sessionId":"86565f","runId":"pre-fix","hypothesisId":"H6","location":"UIManager.cs:Awake","message":"UIManager Awake reached","data":{},"timestamp":1777118730173}
{"sessionId":"86565f","runId":"pre-fix","hypothesisId":"H6","location":"UIManager.cs:Awake","message":"UIManager Awake reached","data":{},"timestamp":1777118730173}
{"sessionId":"86565f","runId":"pre-fix","hypothesisId":"H4","location":"UIManager.cs:OpenPanelCore","message":"OpenPanelCore invoked","data":{"type":"HudStatus"},"timestamp":1777118732432}
{"sessionId":"86565f","runId":"pre-fix","hypothesisId":"H4","location":"UIManager.cs:OpenPanelCore","message":"OpenPanelCore invoked","data":{"type":"HudStatus"},"timestamp":1777118732432}
{"sessionId":"86565f","runId":"pre-fix","hypothesisId":"H4","location":"UIManager.cs:OpenPanelCore","message":"OpenPanelCore invoked","data":{"type":"ActionBar"},"timestamp":1777118732437}
{"sessionId":"86565f","runId":"pre-fix","hypothesisId":"H4","location":"UIManager.cs:OpenPanelCore","message":"OpenPanelCore invoked","data":{"type":"ActionBar"},"timestamp":1777118732437}
{"sessionId":"86565f","runId":"pre-fix","hypothesisId":"H4","location":"UIManager.cs:OpenPanelCore","message":"OpenPanelCore invoked","data":{"type":"InventoryPage"},"timestamp":1777118733051}
{"sessionId":"86565f","runId":"pre-fix","hypothesisId":"H4","location":"UIManager.cs:OpenPanelCore","message":"OpenPanelCore invoked","data":{"type":"InventoryPage"},"timestamp":1777118733051}
{"sessionId":"86565f","runId":"pre-fix","hypothesisId":"H1","location":"UIStateMachine.cs:IsModalActive","message":"IsModalActive called","data":{"callIndex":1,"modalType":"EventNarrationModal","activeModalCount":0},"timestamp":1777118733053}
{"sessionId":"86565f","runId":"pre-fix","hypothesisId":"H1","location":"UIStateMachine.cs:IsModalActive","message":"IsModalActive called","data":{"callIndex":1,"modalType":"EventNarrationModal","activeModalCount":0},"timestamp":1777118733053}
{"sessionId":"86565f","runId":"pre-fix","hypothesisId":"H4","location":"UIManager.cs:OpenPanelCore","message":"OpenPanelCore invoked","data":{"type":"ResultToastModal"},"timestamp":1777118734146}
{"sessionId":"86565f","runId":"pre-fix","hypothesisId":"H4","location":"UIManager.cs:OpenPanelCore","message":"OpenPanelCore invoked","data":{"type":"ResultToastModal"},"timestamp":1777118734146}
{"sessionId":"86565f","runId":"pre-fix","hypothesisId":"H2","location":"UIRouter.cs:OpenModal","message":"OpenModal invoked","data":{"modalType":"ResultToastModal"},"timestamp":1777118734150}
{"sessionId":"86565f","runId":"pre-fix","hypothesisId":"H2","location":"UIRouter.cs:OpenModal","message":"OpenModal invoked","data":{"modalType":"ResultToastModal"},"timestamp":1777118734150}
{"sessionId":"86565f","runId":"pre-fix","hypothesisId":"H1","location":"UIStateMachine.cs:IsModalActive","message":"IsModalActive called","data":{"callIndex":2,"modalType":"ResultToastModal","activeModalCount":0},"timestamp":1777118734151}
{"sessionId":"86565f","runId":"pre-fix","hypothesisId":"H1","location":"UIStateMachine.cs:IsModalActive","message":"IsModalActive called","data":{"callIndex":2,"modalType":"ResultToastModal","activeModalCount":0},"timestamp":1777118734151}
{"sessionId":"86565f","runId":"pre-fix-2","hypothesisId":"H11","location":"UIManager.cs:EnsureResultToastModalReference","message":"Existing resultToastModal reused","data":{"activeSelf":false,"inHierarchy":false,"sceneLoaded":true,"sceneName":"GameScene"},"timestamp":1777118734153}
{"sessionId":"86565f","runId":"pre-fix-2","hypothesisId":"H11","location":"UIManager.cs:EnsureResultToastModalReference","message":"Existing resultToastModal reused","data":{"activeSelf":false,"inHierarchy":false,"sceneLoaded":true,"sceneName":"GameScene"},"timestamp":1777118734153}
{"sessionId":"86565f","runId":"pre-fix-2","hypothesisId":"H10","location":"UIManager.cs:ShowPanel(ResultToastModal)","message":"Calling ResultToastModal.Show","data":{"toastActiveSelf":false,"toastInHierarchy":false,"toastEnabled":true,"pendingMsgEmpty":false},"timestamp":1777118734154}
{"sessionId":"86565f","runId":"pre-fix-2","hypothesisId":"H10","location":"UIManager.cs:ShowPanel(ResultToastModal)","message":"Calling ResultToastModal.Show","data":{"toastActiveSelf":false,"toastInHierarchy":false,"toastEnabled":true,"pendingMsgEmpty":false},"timestamp":1777118734154}
{"sessionId":"86565f","runId":"pre-fix-2","hypothesisId":"H8","location":"ResultToastModal.cs:Show","message":"Show entered","data":{"selfActive":false,"inHierarchy":false,"componentEnabled":true,"hasParent":true,"parentInHierarchy":true},"timestamp":1777118734156}
{"sessionId":"86565f","runId":"pre-fix-2","hypothesisId":"H8","location":"ResultToastModal.cs:Show","message":"Show entered","data":{"selfActive":false,"inHierarchy":false,"componentEnabled":true,"hasParent":true,"parentInHierarchy":true},"timestamp":1777118734156}
{"sessionId":"86565f","runId":"pre-fix-2","hypothesisId":"H12","location":"ResultToastModal.cs:OnEnable","message":"ResultToastModal enabled","data":{"activeSelf":true,"inHierarchy":true},"timestamp":1777118734158}
{"sessionId":"86565f","runId":"pre-fix-2","hypothesisId":"H12","location":"ResultToastModal.cs:OnEnable","message":"ResultToastModal enabled","data":{"activeSelf":true,"inHierarchy":true},"timestamp":1777118734158}
{"sessionId":"86565f","runId":"pre-fix-2","hypothesisId":"H8","location":"ResultToastModal.cs:Show","message":"After SetActive(true)","data":{"selfActive":true,"inHierarchy":true,"componentEnabled":true},"timestamp":1777118734159}
{"sessionId":"86565f","runId":"pre-fix-2","hypothesisId":"H8","location":"ResultToastModal.cs:Show","message":"After SetActive(true)","data":{"selfActive":true,"inHierarchy":true,"componentEnabled":true},"timestamp":1777118734159}
{"sessionId":"86565f","runId":"pre-fix-2","hypothesisId":"H9","location":"ResultToastModal.cs:Show","message":"StartCoroutine returned","data":{"hideCoroutineNull":false},"timestamp":1777118734161}
{"sessionId":"86565f","runId":"pre-fix-2","hypothesisId":"H9","location":"ResultToastModal.cs:Show","message":"StartCoroutine returned","data":{"hideCoroutineNull":false},"timestamp":1777118734161}
{"sessionId":"86565f","runId":"pre-fix","hypothesisId":"H3","location":"UIRouter.cs:CloseModal","message":"CloseModal invoked","data":{"modalType":"ResultToastModal"},"timestamp":1777118737143}
{"sessionId":"86565f","runId":"pre-fix","hypothesisId":"H3","location":"UIRouter.cs:CloseModal","message":"CloseModal invoked","data":{"modalType":"ResultToastModal"},"timestamp":1777118737143}
{"sessionId":"86565f","runId":"pre-fix","hypothesisId":"H1","location":"UIStateMachine.cs:IsModalActive","message":"IsModalActive called","data":{"callIndex":3,"modalType":"ResultToastModal","activeModalCount":1},"timestamp":1777118737145}
{"sessionId":"86565f","runId":"pre-fix","hypothesisId":"H1","location":"UIStateMachine.cs:IsModalActive","message":"IsModalActive called","data":{"callIndex":3,"modalType":"ResultToastModal","activeModalCount":1},"timestamp":1777118737145}
{"sessionId":"86565f","runId":"pre-fix-2","hypothesisId":"H11","location":"UIManager.cs:EnsureResultToastModalReference","message":"Existing resultToastModal reused","data":{"activeSelf":true,"inHierarchy":true,"sceneLoaded":true,"sceneName":"GameScene"},"timestamp":1777118737148}
{"sessionId":"86565f","runId":"pre-fix-2","hypothesisId":"H11","location":"UIManager.cs:EnsureResultToastModalReference","message":"Existing resultToastModal reused","data":{"activeSelf":true,"inHierarchy":true,"sceneLoaded":true,"sceneName":"GameScene"},"timestamp":1777118737148}
{"sessionId":"86565f","runId":"pre-fix-2","hypothesisId":"H12","location":"UIManager.cs:HidePanel(ResultToastModal)","message":"HidePanel calling HideImmediate","data":{"toastActiveSelf":true,"toastInHierarchy":true},"timestamp":1777118737150}
{"sessionId":"86565f","runId":"pre-fix-2","hypothesisId":"H12","location":"UIManager.cs:HidePanel(ResultToastModal)","message":"HidePanel calling HideImmediate","data":{"toastActiveSelf":true,"toastInHierarchy":true},"timestamp":1777118737150}
{"sessionId":"86565f","runId":"pre-fix-2","hypothesisId":"H12","location":"ResultToastModal.cs:HideImmediate","message":"HideImmediate called","data":{"activeSelfBefore":true,"inHierarchyBefore":true,"stack":"  at UIManager.HidePanel (UIKey uiKey) [0x0019f] in <c59b4266b1e645c48db298a98ab23b56>:0     at UIRouter.CloseModal (UIKey modalType) [0x00061] in <c59b4266b1e645c48db298a98ab23b56>:0     at UIRouter.RouteClosePanel (UIKey uiKey) [0x0001c] in <c59b4266b1e645c48db298a98ab23b56>:0     at UIManager.ClosePanelCore (UIKey type) [0x00000] in <c59b4266b1e645c48db298a98ab23b56>:0     at UIManager.CloseUIEntry (UIKey type) [0x00000] in <c59b4266b1e645c48db298a98ab23b56>:0     at UIManager.HideResultToast () [0x00000] in <c59b4266b1e645c48db298a98ab23b56>:0     at ResultToastModal+<HideAfterSecondsCoroutine>d__15.MoveNext () [0x00062] in <c59b4266b1e645c48db298a98ab23b56>:0     at UnityEngine.SetupCoroutine.InvokeMoveNext (System.Collections.IEnumerator enumerator, System.IntPtr returnValueAddress) [0x00000] in <28611404488f40de8ab3e99005e40ccd>:0 "},"timestamp":1777118737155}
{"sessionId":"86565f","runId":"pre-fix-2","hypothesisId":"H12","location":"ResultToastModal.cs:HideImmediate","message":"HideImmediate called","data":{"activeSelfBefore":true,"inHierarchyBefore":true,"stack":"  at UIManager.HidePanel (UIKey uiKey) [0x0019f] in <c59b4266b1e645c48db298a98ab23b56>:0     at UIRouter.CloseModal (UIKey modalType) [0x00061] in <c59b4266b1e645c48db298a98ab23b56>:0     at UIRouter.RouteClosePanel (UIKey uiKey) [0x0001c] in <c59b4266b1e645c48db298a98ab23b56>:0     at UIManager.ClosePanelCore (UIKey type) [0x00000] in <c59b4266b1e645c48db298a98ab23b56>:0     at UIManager.CloseUIEntry (UIKey type) [0x00000] in <c59b4266b1e645c48db298a98ab23b56>:0     at UIManager.HideResultToast () [0x00000] in <c59b4266b1e645c48db298a98ab23b56>:0     at ResultToastModal+<HideAfterSecondsCoroutine>d__15.MoveNext () [0x00062] in <c59b4266b1e645c48db298a98ab23b56>:0     at UnityEngine.SetupCoroutine.InvokeMoveNext (System.Collections.IEnumerator enumerator, System.IntPtr returnValueAddress) [0x00000] in <28611404488f40de8ab3e99005e40ccd>:0 "},"timestamp":1777118737155}
{"sessionId":"86565f","runId":"pre-fix-2","hypothesisId":"H12","location":"ResultToastModal.cs:OnDisable","message":"ResultToastModal disabled","data":{"activeSelf":false,"inHierarchy":false},"timestamp":1777118737157}
{"sessionId":"86565f","runId":"pre-fix-2","hypothesisId":"H12","location":"ResultToastModal.cs:OnDisable","message":"ResultToastModal disabled","data":{"activeSelf":false,"inHierarchy":false},"timestamp":1777118737157}
{"sessionId":"86565f","runId":"pre-fix","hypothesisId":"H4","location":"UIManager.cs:OpenPanelCore","message":"OpenPanelCore invoked","data":{"type":"ResultToastModal"},"timestamp":1777118739122}
{"sessionId":"86565f","runId":"pre-fix","hypothesisId":"H4","location":"UIManager.cs:OpenPanelCore","message":"OpenPanelCore invoked","data":{"type":"ResultToastModal"},"timestamp":1777118739122}
{"sessionId":"86565f","runId":"pre-fix","hypothesisId":"H2","location":"UIRouter.cs:OpenModal","message":"OpenModal invoked","data":{"modalType":"ResultToastModal"},"timestamp":1777118739124}
{"sessionId":"86565f","runId":"pre-fix","hypothesisId":"H2","location":"UIRouter.cs:OpenModal","message":"OpenModal invoked","data":{"modalType":"ResultToastModal"},"timestamp":1777118739124}
{"sessionId":"86565f","runId":"pre-fix","hypothesisId":"H1","location":"UIStateMachine.cs:IsModalActive","message":"IsModalActive called","data":{"callIndex":4,"modalType":"ResultToastModal","activeModalCount":0},"timestamp":1777118739125}
{"sessionId":"86565f","runId":"pre-fix","hypothesisId":"H1","location":"UIStateMachine.cs:IsModalActive","message":"IsModalActive called","data":{"callIndex":4,"modalType":"ResultToastModal","activeModalCount":0},"timestamp":1777118739125}
{"sessionId":"86565f","runId":"pre-fix-2","hypothesisId":"H11","location":"UIManager.cs:EnsureResultToastModalReference","message":"Existing resultToastModal reused","data":{"activeSelf":false,"inHierarchy":false,"sceneLoaded":true,"sceneName":"GameScene"},"timestamp":1777118739129}
{"sessionId":"86565f","runId":"pre-fix-2","hypothesisId":"H11","location":"UIManager.cs:EnsureResultToastModalReference","message":"Existing resultToastModal reused","data":{"activeSelf":false,"inHierarchy":false,"sceneLoaded":true,"sceneName":"GameScene"},"timestamp":1777118739129}
{"sessionId":"86565f","runId":"pre-fix-2","hypothesisId":"H10","location":"UIManager.cs:ShowPanel(ResultToastModal)","message":"Calling ResultToastModal.Show","data":{"toastActiveSelf":false,"toastInHierarchy":false,"toastEnabled":true,"pendingMsgEmpty":false},"timestamp":1777118739130}
{"sessionId":"86565f","runId":"pre-fix-2","hypothesisId":"H10","location":"UIManager.cs:ShowPanel(ResultToastModal)","message":"Calling ResultToastModal.Show","data":{"toastActiveSelf":false,"toastInHierarchy":false,"toastEnabled":true,"pendingMsgEmpty":false},"timestamp":1777118739130}
{"sessionId":"86565f","runId":"pre-fix-2","hypothesisId":"H8","location":"ResultToastModal.cs:Show","message":"Show entered","data":{"selfActive":false,"inHierarchy":false,"componentEnabled":true,"hasParent":true,"parentInHierarchy":true},"timestamp":1777118739131}
{"sessionId":"86565f","runId":"pre-fix-2","hypothesisId":"H8","location":"ResultToastModal.cs:Show","message":"Show entered","data":{"selfActive":false,"inHierarchy":false,"componentEnabled":true,"hasParent":true,"parentInHierarchy":true},"timestamp":1777118739131}
{"sessionId":"86565f","runId":"pre-fix-2","hypothesisId":"H12","location":"ResultToastModal.cs:OnEnable","message":"ResultToastModal enabled","data":{"activeSelf":true,"inHierarchy":true},"timestamp":1777118739132}
{"sessionId":"86565f","runId":"pre-fix-2","hypothesisId":"H12","location":"ResultToastModal.cs:OnEnable","message":"ResultToastModal enabled","data":{"activeSelf":true,"inHierarchy":true},"timestamp":1777118739132}
{"sessionId":"86565f","runId":"pre-fix-2","hypothesisId":"H8","location":"ResultToastModal.cs:Show","message":"After SetActive(true)","data":{"selfActive":true,"inHierarchy":true,"componentEnabled":true},"timestamp":1777118739133}
{"sessionId":"86565f","runId":"pre-fix-2","hypothesisId":"H8","location":"ResultToastModal.cs:Show","message":"After SetActive(true)","data":{"selfActive":true,"inHierarchy":true,"componentEnabled":true},"timestamp":1777118739133}
{"sessionId":"86565f","runId":"pre-fix-2","hypothesisId":"H9","location":"ResultToastModal.cs:Show","message":"StartCoroutine returned","data":{"hideCoroutineNull":false},"timestamp":1777118739135}
{"sessionId":"86565f","runId":"pre-fix-2","hypothesisId":"H9","location":"ResultToastModal.cs:Show","message":"StartCoroutine returned","data":{"hideCoroutineNull":false},"timestamp":1777118739135}
{"sessionId":"86565f","runId":"pre-fix","hypothesisId":"H4","location":"UIManager.cs:OpenPanelCore","message":"OpenPanelCore invoked","data":{"type":"ResultToastModal"},"timestamp":1777118739433}
{"sessionId":"86565f","runId":"pre-fix","hypothesisId":"H4","location":"UIManager.cs:OpenPanelCore","message":"OpenPanelCore invoked","data":{"type":"ResultToastModal"},"timestamp":1777118739433}
{"sessionId":"86565f","runId":"pre-fix","hypothesisId":"H2","location":"UIRouter.cs:OpenModal","message":"OpenModal invoked","data":{"modalType":"ResultToastModal"},"timestamp":1777118739436}
{"sessionId":"86565f","runId":"pre-fix","hypothesisId":"H2","location":"UIRouter.cs:OpenModal","message":"OpenModal invoked","data":{"modalType":"ResultToastModal"},"timestamp":1777118739436}
{"sessionId":"86565f","runId":"pre-fix","hypothesisId":"H1","location":"UIStateMachine.cs:IsModalActive","message":"IsModalActive called","data":{"callIndex":5,"modalType":"ResultToastModal","activeModalCount":1},"timestamp":1777118739437}
{"sessionId":"86565f","runId":"pre-fix","hypothesisId":"H1","location":"UIStateMachine.cs:IsModalActive","message":"IsModalActive called","data":{"callIndex":5,"modalType":"ResultToastModal","activeModalCount":1},"timestamp":1777118739437}
{"sessionId":"86565f","runId":"pre-fix","hypothesisId":"H2","location":"UIRouter.cs:OpenModal","message":"OpenModal short-circuited because already active","data":{"modalType":"ResultToastModal"},"timestamp":1777118739440}
{"sessionId":"86565f","runId":"pre-fix","hypothesisId":"H2","location":"UIRouter.cs:OpenModal","message":"OpenModal short-circuited because already active","data":{"modalType":"ResultToastModal"},"timestamp":1777118739440}
{"sessionId":"86565f","runId":"pre-fix","hypothesisId":"H4","location":"UIManager.cs:OpenPanelCore","message":"OpenPanelCore invoked","data":{"type":"CraftPage"},"timestamp":1777118740754}
{"sessionId":"86565f","runId":"pre-fix","hypothesisId":"H4","location":"UIManager.cs:OpenPanelCore","message":"OpenPanelCore invoked","data":{"type":"CraftPage"},"timestamp":1777118740754}
{"sessionId":"86565f","runId":"pre-fix","hypothesisId":"H1","location":"UIStateMachine.cs:IsModalActive","message":"IsModalActive called","data":{"callIndex":6,"modalType":"EventNarrationModal","activeModalCount":1},"timestamp":1777118740756}
{"sessionId":"86565f","runId":"pre-fix","hypothesisId":"H1","location":"UIStateMachine.cs:IsModalActive","message":"IsModalActive called","data":{"callIndex":6,"modalType":"EventNarrationModal","activeModalCount":1},"timestamp":1777118740756}
{"sessionId":"86565f","runId":"pre-fix","hypothesisId":"H3","location":"UIRouter.cs:CloseModal","message":"CloseModal invoked","data":{"modalType":"ResultToastModal"},"timestamp":1777118742123}
{"sessionId":"86565f","runId":"pre-fix","hypothesisId":"H3","location":"UIRouter.cs:CloseModal","message":"CloseModal invoked","data":{"modalType":"ResultToastModal"},"timestamp":1777118742123}
{"sessionId":"86565f","runId":"pre-fix","hypothesisId":"H1","location":"UIStateMachine.cs:IsModalActive","message":"IsModalActive called","data":{"callIndex":7,"modalType":"ResultToastModal","activeModalCount":1},"timestamp":1777118742125}
{"sessionId":"86565f","runId":"pre-fix","hypothesisId":"H1","location":"UIStateMachine.cs:IsModalActive","message":"IsModalActive called","data":{"callIndex":7,"modalType":"ResultToastModal","activeModalCount":1},"timestamp":1777118742125}
{"sessionId":"86565f","runId":"pre-fix-2","hypothesisId":"H11","location":"UIManager.cs:EnsureResultToastModalReference","message":"Existing resultToastModal reused","data":{"activeSelf":true,"inHierarchy":true,"sceneLoaded":true,"sceneName":"GameScene"},"timestamp":1777118742127}
{"sessionId":"86565f","runId":"pre-fix-2","hypothesisId":"H11","location":"UIManager.cs:EnsureResultToastModalReference","message":"Existing resultToastModal reused","data":{"activeSelf":true,"inHierarchy":true,"sceneLoaded":true,"sceneName":"GameScene"},"timestamp":1777118742127}
{"sessionId":"86565f","runId":"pre-fix-2","hypothesisId":"H12","location":"UIManager.cs:HidePanel(ResultToastModal)","message":"HidePanel calling HideImmediate","data":{"toastActiveSelf":true,"toastInHierarchy":true},"timestamp":1777118742129}
{"sessionId":"86565f","runId":"pre-fix-2","hypothesisId":"H12","location":"UIManager.cs:HidePanel(ResultToastModal)","message":"HidePanel calling HideImmediate","data":{"toastActiveSelf":true,"toastInHierarchy":true},"timestamp":1777118742129}
{"sessionId":"86565f","runId":"pre-fix-2","hypothesisId":"H12","location":"ResultToastModal.cs:HideImmediate","message":"HideImmediate called","data":{"activeSelfBefore":true,"inHierarchyBefore":true,"stack":"  at UIManager.HidePanel (UIKey uiKey) [0x0019f] in <c59b4266b1e645c48db298a98ab23b56>:0     at UIRouter.CloseModal (UIKey modalType) [0x00061] in <c59b4266b1e645c48db298a98ab23b56>:0     at UIRouter.RouteClosePanel (UIKey uiKey) [0x0001c] in <c59b4266b1e645c48db298a98ab23b56>:0     at UIManager.ClosePanelCore (UIKey type) [0x00000] in <c59b4266b1e645c48db298a98ab23b56>:0     at UIManager.CloseUIEntry (UIKey type) [0x00000] in <c59b4266b1e645c48db298a98ab23b56>:0     at UIManager.HideResultToast () [0x00000] in <c59b4266b1e645c48db298a98ab23b56>:0     at ResultToastModal+<HideAfterSecondsCoroutine>d__15.MoveNext () [0x00062] in <c59b4266b1e645c48db298a98ab23b56>:0     at UnityEngine.SetupCoroutine.InvokeMoveNext (System.Collections.IEnumerator enumerator, System.IntPtr returnValueAddress) [0x00000] in <28611404488f40de8ab3e99005e40ccd>:0 "},"timestamp":1777118742131}
{"sessionId":"86565f","runId":"pre-fix-2","hypothesisId":"H12","location":"ResultToastModal.cs:HideImmediate","message":"HideImmediate called","data":{"activeSelfBefore":true,"inHierarchyBefore":true,"stack":"  at UIManager.HidePanel (UIKey uiKey) [0x0019f] in <c59b4266b1e645c48db298a98ab23b56>:0     at UIRouter.CloseModal (UIKey modalType) [0x00061] in <c59b4266b1e645c48db298a98ab23b56>:0     at UIRouter.RouteClosePanel (UIKey uiKey) [0x0001c] in <c59b4266b1e645c48db298a98ab23b56>:0     at UIManager.ClosePanelCore (UIKey type) [0x00000] in <c59b4266b1e645c48db298a98ab23b56>:0     at UIManager.CloseUIEntry (UIKey type) [0x00000] in <c59b4266b1e645c48db298a98ab23b56>:0     at UIManager.HideResultToast () [0x00000] in <c59b4266b1e645c48db298a98ab23b56>:0     at ResultToastModal+<HideAfterSecondsCoroutine>d__15.MoveNext () [0x00062] in <c59b4266b1e645c48db298a98ab23b56>:0     at UnityEngine.SetupCoroutine.InvokeMoveNext (System.Collections.IEnumerator enumerator, System.IntPtr returnValueAddress) [0x00000] in <28611404488f40de8ab3e99005e40ccd>:0 "},"timestamp":1777118742131}
{"sessionId":"86565f","runId":"pre-fix-2","hypothesisId":"H12","location":"ResultToastModal.cs:OnDisable","message":"ResultToastModal disabled","data":{"activeSelf":false,"inHierarchy":false},"timestamp":1777118742134}
{"sessionId":"86565f","runId":"pre-fix-2","hypothesisId":"H12","location":"ResultToastModal.cs:OnDisable","message":"ResultToastModal disabled","data":{"activeSelf":false,"inHierarchy":false},"timestamp":1777118742134}
{"sessionId":"86565f","runId":"pre-fix","hypothesisId":"H4","location":"UIManager.cs:OpenPanelCore","message":"OpenPanelCore invoked","data":{"type":"ResultToastModal"},"timestamp":1777118742526}
{"sessionId":"86565f","runId":"pre-fix","hypothesisId":"H4","location":"UIManager.cs:OpenPanelCore","message":"OpenPanelCore invoked","data":{"type":"ResultToastModal"},"timestamp":1777118742526}
{"sessionId":"86565f","runId":"pre-fix","hypothesisId":"H2","location":"UIRouter.cs:OpenModal","message":"OpenModal invoked","data":{"modalType":"ResultToastModal"},"timestamp":1777118742528}
{"sessionId":"86565f","runId":"pre-fix","hypothesisId":"H2","location":"UIRouter.cs:OpenModal","message":"OpenModal invoked","data":{"modalType":"ResultToastModal"},"timestamp":1777118742528}
{"sessionId":"86565f","runId":"pre-fix","hypothesisId":"H1","location":"UIStateMachine.cs:IsModalActive","message":"IsModalActive called","data":{"callIndex":8,"modalType":"ResultToastModal","activeModalCount":0},"timestamp":1777118742530}
{"sessionId":"86565f","runId":"pre-fix","hypothesisId":"H1","location":"UIStateMachine.cs:IsModalActive","message":"IsModalActive called","data":{"callIndex":8,"modalType":"ResultToastModal","activeModalCount":0},"timestamp":1777118742530}
{"sessionId":"86565f","runId":"pre-fix-2","hypothesisId":"H11","location":"UIManager.cs:EnsureResultToastModalReference","message":"Existing resultToastModal reused","data":{"activeSelf":false,"inHierarchy":false,"sceneLoaded":true,"sceneName":"GameScene"},"timestamp":1777118742532}
{"sessionId":"86565f","runId":"pre-fix-2","hypothesisId":"H11","location":"UIManager.cs:EnsureResultToastModalReference","message":"Existing resultToastModal reused","data":{"activeSelf":false,"inHierarchy":false,"sceneLoaded":true,"sceneName":"GameScene"},"timestamp":1777118742532}
{"sessionId":"86565f","runId":"pre-fix-2","hypothesisId":"H10","location":"UIManager.cs:ShowPanel(ResultToastModal)","message":"Calling ResultToastModal.Show","data":{"toastActiveSelf":false,"toastInHierarchy":false,"toastEnabled":true,"pendingMsgEmpty":false},"timestamp":1777118742533}
{"sessionId":"86565f","runId":"pre-fix-2","hypothesisId":"H10","location":"UIManager.cs:ShowPanel(ResultToastModal)","message":"Calling ResultToastModal.Show","data":{"toastActiveSelf":false,"toastInHierarchy":false,"toastEnabled":true,"pendingMsgEmpty":false},"timestamp":1777118742533}
{"sessionId":"86565f","runId":"pre-fix-2","hypothesisId":"H8","location":"ResultToastModal.cs:Show","message":"Show entered","data":{"selfActive":false,"inHierarchy":false,"componentEnabled":true,"hasParent":true,"parentInHierarchy":true},"timestamp":1777118742534}
{"sessionId":"86565f","runId":"pre-fix-2","hypothesisId":"H8","location":"ResultToastModal.cs:Show","message":"Show entered","data":{"selfActive":false,"inHierarchy":false,"componentEnabled":true,"hasParent":true,"parentInHierarchy":true},"timestamp":1777118742534}
{"sessionId":"86565f","runId":"pre-fix-2","hypothesisId":"H12","location":"ResultToastModal.cs:OnEnable","message":"ResultToastModal enabled","data":{"activeSelf":true,"inHierarchy":true},"timestamp":1777118742535}
{"sessionId":"86565f","runId":"pre-fix-2","hypothesisId":"H12","location":"ResultToastModal.cs:OnEnable","message":"ResultToastModal enabled","data":{"activeSelf":true,"inHierarchy":true},"timestamp":1777118742535}
{"sessionId":"86565f","runId":"pre-fix-2","hypothesisId":"H8","location":"ResultToastModal.cs:Show","message":"After SetActive(true)","data":{"selfActive":true,"inHierarchy":true,"componentEnabled":true},"timestamp":1777118742536}
{"sessionId":"86565f","runId":"pre-fix-2","hypothesisId":"H8","location":"ResultToastModal.cs:Show","message":"After SetActive(true)","data":{"selfActive":true,"inHierarchy":true,"componentEnabled":true},"timestamp":1777118742536}
{"sessionId":"86565f","runId":"pre-fix-2","hypothesisId":"H9","location":"ResultToastModal.cs:Show","message":"StartCoroutine returned","data":{"hideCoroutineNull":false},"timestamp":1777118742537}
{"sessionId":"86565f","runId":"pre-fix-2","hypothesisId":"H9","location":"ResultToastModal.cs:Show","message":"StartCoroutine returned","data":{"hideCoroutineNull":false},"timestamp":1777118742537}
{"sessionId":"86565f","runId":"pre-fix","hypothesisId":"H4","location":"UIManager.cs:OpenPanelCore","message":"OpenPanelCore invoked","data":{"type":"InventoryPage"},"timestamp":1777118744064}
{"sessionId":"86565f","runId":"pre-fix","hypothesisId":"H4","location":"UIManager.cs:OpenPanelCore","message":"OpenPanelCore invoked","data":{"type":"InventoryPage"},"timestamp":1777118744064}
{"sessionId":"86565f","runId":"pre-fix","hypothesisId":"H1","location":"UIStateMachine.cs:IsModalActive","message":"IsModalActive called","data":{"callIndex":9,"modalType":"EventNarrationModal","activeModalCount":1},"timestamp":1777118744066}
{"sessionId":"86565f","runId":"pre-fix","hypothesisId":"H1","location":"UIStateMachine.cs:IsModalActive","message":"IsModalActive called","data":{"callIndex":9,"modalType":"EventNarrationModal","activeModalCount":1},"timestamp":1777118744066}
{"sessionId":"86565f","runId":"pre-fix","hypothesisId":"H3","location":"UIRouter.cs:CloseModal","message":"CloseModal invoked","data":{"modalType":"ResultToastModal"},"timestamp":1777118745526}
{"sessionId":"86565f","runId":"pre-fix","hypothesisId":"H3","location":"UIRouter.cs:CloseModal","message":"CloseModal invoked","data":{"modalType":"ResultToastModal"},"timestamp":1777118745526}
{"sessionId":"86565f","runId":"pre-fix","hypothesisId":"H1","location":"UIStateMachine.cs:IsModalActive","message":"IsModalActive called","data":{"callIndex":10,"modalType":"ResultToastModal","activeModalCount":1},"timestamp":1777118745528}
{"sessionId":"86565f","runId":"pre-fix","hypothesisId":"H1","location":"UIStateMachine.cs:IsModalActive","message":"IsModalActive called","data":{"callIndex":10,"modalType":"ResultToastModal","activeModalCount":1},"timestamp":1777118745528}
{"sessionId":"86565f","runId":"pre-fix-2","hypothesisId":"H11","location":"UIManager.cs:EnsureResultToastModalReference","message":"Existing resultToastModal reused","data":{"activeSelf":true,"inHierarchy":true,"sceneLoaded":true,"sceneName":"GameScene"},"timestamp":1777118745529}
{"sessionId":"86565f","runId":"pre-fix-2","hypothesisId":"H11","location":"UIManager.cs:EnsureResultToastModalReference","message":"Existing resultToastModal reused","data":{"activeSelf":true,"inHierarchy":true,"sceneLoaded":true,"sceneName":"GameScene"},"timestamp":1777118745529}
{"sessionId":"86565f","runId":"pre-fix-2","hypothesisId":"H12","location":"UIManager.cs:HidePanel(ResultToastModal)","message":"HidePanel calling HideImmediate","data":{"toastActiveSelf":true,"toastInHierarchy":true},"timestamp":1777118745532}
{"sessionId":"86565f","runId":"pre-fix-2","hypothesisId":"H12","location":"UIManager.cs:HidePanel(ResultToastModal)","message":"HidePanel calling HideImmediate","data":{"toastActiveSelf":true,"toastInHierarchy":true},"timestamp":1777118745532}
{"sessionId":"86565f","runId":"pre-fix-2","hypothesisId":"H12","location":"ResultToastModal.cs:HideImmediate","message":"HideImmediate called","data":{"activeSelfBefore":true,"inHierarchyBefore":true,"stack":"  at UIManager.HidePanel (UIKey uiKey) [0x0019f] in <c59b4266b1e645c48db298a98ab23b56>:0     at UIRouter.CloseModal (UIKey modalType) [0x00061] in <c59b4266b1e645c48db298a98ab23b56>:0     at UIRouter.RouteClosePanel (UIKey uiKey) [0x0001c] in <c59b4266b1e645c48db298a98ab23b56>:0     at UIManager.ClosePanelCore (UIKey type) [0x00000] in <c59b4266b1e645c48db298a98ab23b56>:0     at UIManager.CloseUIEntry (UIKey type) [0x00000] in <c59b4266b1e645c48db298a98ab23b56>:0     at UIManager.HideResultToast () [0x00000] in <c59b4266b1e645c48db298a98ab23b56>:0     at ResultToastModal+<HideAfterSecondsCoroutine>d__15.MoveNext () [0x00062] in <c59b4266b1e645c48db298a98ab23b56>:0     at UnityEngine.SetupCoroutine.InvokeMoveNext (System.Collections.IEnumerator enumerator, System.IntPtr returnValueAddress) [0x00000] in <28611404488f40de8ab3e99005e40ccd>:0 "},"timestamp":1777118745534}
{"sessionId":"86565f","runId":"pre-fix-2","hypothesisId":"H12","location":"ResultToastModal.cs:HideImmediate","message":"HideImmediate called","data":{"activeSelfBefore":true,"inHierarchyBefore":true,"stack":"  at UIManager.HidePanel (UIKey uiKey) [0x0019f] in <c59b4266b1e645c48db298a98ab23b56>:0     at UIRouter.CloseModal (UIKey modalType) [0x00061] in <c59b4266b1e645c48db298a98ab23b56>:0     at UIRouter.RouteClosePanel (UIKey uiKey) [0x0001c] in <c59b4266b1e645c48db298a98ab23b56>:0     at UIManager.ClosePanelCore (UIKey type) [0x00000] in <c59b4266b1e645c48db298a98ab23b56>:0     at UIManager.CloseUIEntry (UIKey type) [0x00000] in <c59b4266b1e645c48db298a98ab23b56>:0     at UIManager.HideResultToast () [0x00000] in <c59b4266b1e645c48db298a98ab23b56>:0     at ResultToastModal+<HideAfterSecondsCoroutine>d__15.MoveNext () [0x00062] in <c59b4266b1e645c48db298a98ab23b56>:0     at UnityEngine.SetupCoroutine.InvokeMoveNext (System.Collections.IEnumerator enumerator, System.IntPtr returnValueAddress) [0x00000] in <28611404488f40de8ab3e99005e40ccd>:0 "},"timestamp":1777118745534}
{"sessionId":"86565f","runId":"pre-fix-2","hypothesisId":"H12","location":"ResultToastModal.cs:OnDisable","message":"ResultToastModal disabled","data":{"activeSelf":false,"inHierarchy":false},"timestamp":1777118745536}
{"sessionId":"86565f","runId":"pre-fix-2","hypothesisId":"H12","location":"ResultToastModal.cs:OnDisable","message":"ResultToastModal disabled","data":{"activeSelf":false,"inHierarchy":false},"timestamp":1777118745536}
{"sessionId":"86565f","runId":"pre-fix","hypothesisId":"H4","location":"UIManager.cs:OpenPanelCore","message":"OpenPanelCore invoked","data":{"type":"ResultToastModal"},"timestamp":1777118745787}
{"sessionId":"86565f","runId":"pre-fix","hypothesisId":"H4","location":"UIManager.cs:OpenPanelCore","message":"OpenPanelCore invoked","data":{"type":"ResultToastModal"},"timestamp":1777118745787}
{"sessionId":"86565f","runId":"pre-fix","hypothesisId":"H2","location":"UIRouter.cs:OpenModal","message":"OpenModal invoked","data":{"modalType":"ResultToastModal"},"timestamp":1777118745789}
{"sessionId":"86565f","runId":"pre-fix","hypothesisId":"H2","location":"UIRouter.cs:OpenModal","message":"OpenModal invoked","data":{"modalType":"ResultToastModal"},"timestamp":1777118745789}
{"sessionId":"86565f","runId":"pre-fix","hypothesisId":"H1","location":"UIStateMachine.cs:IsModalActive","message":"IsModalActive called","data":{"callIndex":11,"modalType":"ResultToastModal","activeModalCount":0},"timestamp":1777118745790}
{"sessionId":"86565f","runId":"pre-fix","hypothesisId":"H1","location":"UIStateMachine.cs:IsModalActive","message":"IsModalActive called","data":{"callIndex":11,"modalType":"ResultToastModal","activeModalCount":0},"timestamp":1777118745790}
{"sessionId":"86565f","runId":"pre-fix-2","hypothesisId":"H11","location":"UIManager.cs:EnsureResultToastModalReference","message":"Existing resultToastModal reused","data":{"activeSelf":false,"inHierarchy":false,"sceneLoaded":true,"sceneName":"GameScene"},"timestamp":1777118745793}
{"sessionId":"86565f","runId":"pre-fix-2","hypothesisId":"H11","location":"UIManager.cs:EnsureResultToastModalReference","message":"Existing resultToastModal reused","data":{"activeSelf":false,"inHierarchy":false,"sceneLoaded":true,"sceneName":"GameScene"},"timestamp":1777118745793}
{"sessionId":"86565f","runId":"pre-fix-2","hypothesisId":"H10","location":"UIManager.cs:ShowPanel(ResultToastModal)","message":"Calling ResultToastModal.Show","data":{"toastActiveSelf":false,"toastInHierarchy":false,"toastEnabled":true,"pendingMsgEmpty":false},"timestamp":1777118745794}
{"sessionId":"86565f","runId":"pre-fix-2","hypothesisId":"H10","location":"UIManager.cs:ShowPanel(ResultToastModal)","message":"Calling ResultToastModal.Show","data":{"toastActiveSelf":false,"toastInHierarchy":false,"toastEnabled":true,"pendingMsgEmpty":false},"timestamp":1777118745794}
{"sessionId":"86565f","runId":"pre-fix-2","hypothesisId":"H8","location":"ResultToastModal.cs:Show","message":"Show entered","data":{"selfActive":false,"inHierarchy":false,"componentEnabled":true,"hasParent":true,"parentInHierarchy":true},"timestamp":1777118745795}
{"sessionId":"86565f","runId":"pre-fix-2","hypothesisId":"H8","location":"ResultToastModal.cs:Show","message":"Show entered","data":{"selfActive":false,"inHierarchy":false,"componentEnabled":true,"hasParent":true,"parentInHierarchy":true},"timestamp":1777118745795}
{"sessionId":"86565f","runId":"pre-fix-2","hypothesisId":"H12","location":"ResultToastModal.cs:OnEnable","message":"ResultToastModal enabled","data":{"activeSelf":true,"inHierarchy":true},"timestamp":1777118745796}
{"sessionId":"86565f","runId":"pre-fix-2","hypothesisId":"H12","location":"ResultToastModal.cs:OnEnable","message":"ResultToastModal enabled","data":{"activeSelf":true,"inHierarchy":true},"timestamp":1777118745796}
{"sessionId":"86565f","runId":"pre-fix-2","hypothesisId":"H8","location":"ResultToastModal.cs:Show","message":"After SetActive(true)","data":{"selfActive":true,"inHierarchy":true,"componentEnabled":true},"timestamp":1777118745797}
{"sessionId":"86565f","runId":"pre-fix-2","hypothesisId":"H8","location":"ResultToastModal.cs:Show","message":"After SetActive(true)","data":{"selfActive":true,"inHierarchy":true,"componentEnabled":true},"timestamp":1777118745797}
{"sessionId":"86565f","runId":"pre-fix-2","hypothesisId":"H9","location":"ResultToastModal.cs:Show","message":"StartCoroutine returned","data":{"hideCoroutineNull":false},"timestamp":1777118745798}
{"sessionId":"86565f","runId":"pre-fix-2","hypothesisId":"H9","location":"ResultToastModal.cs:Show","message":"StartCoroutine returned","data":{"hideCoroutineNull":false},"timestamp":1777118745798}
{"sessionId":"86565f","runId":"pre-fix","hypothesisId":"H4","location":"UIManager.cs:OpenPanelCore","message":"OpenPanelCore invoked","data":{"type":"ResultToastModal"},"timestamp":1777118748110}
{"sessionId":"86565f","runId":"pre-fix","hypothesisId":"H4","location":"UIManager.cs:OpenPanelCore","message":"OpenPanelCore invoked","data":{"type":"ResultToastModal"},"timestamp":1777118748110}
{"sessionId":"86565f","runId":"pre-fix","hypothesisId":"H2","location":"UIRouter.cs:OpenModal","message":"OpenModal invoked","data":{"modalType":"ResultToastModal"},"timestamp":1777118748112}
{"sessionId":"86565f","runId":"pre-fix","hypothesisId":"H2","location":"UIRouter.cs:OpenModal","message":"OpenModal invoked","data":{"modalType":"ResultToastModal"},"timestamp":1777118748112}
{"sessionId":"86565f","runId":"pre-fix","hypothesisId":"H1","location":"UIStateMachine.cs:IsModalActive","message":"IsModalActive called","data":{"callIndex":12,"modalType":"ResultToastModal","activeModalCount":1},"timestamp":1777118748114}
{"sessionId":"86565f","runId":"pre-fix","hypothesisId":"H1","location":"UIStateMachine.cs:IsModalActive","message":"IsModalActive called","data":{"callIndex":12,"modalType":"ResultToastModal","activeModalCount":1},"timestamp":1777118748114}
{"sessionId":"86565f","runId":"pre-fix","hypothesisId":"H2","location":"UIRouter.cs:OpenModal","message":"OpenModal short-circuited because already active","data":{"modalType":"ResultToastModal"},"timestamp":1777118748115}
{"sessionId":"86565f","runId":"pre-fix","hypothesisId":"H2","location":"UIRouter.cs:OpenModal","message":"OpenModal short-circuited because already active","data":{"modalType":"ResultToastModal"},"timestamp":1777118748115}
{"sessionId":"86565f","runId":"pre-fix","hypothesisId":"H4","location":"UIManager.cs:OpenPanelCore","message":"OpenPanelCore invoked","data":{"type":"ResultToastModal"},"timestamp":1777118748296}
{"sessionId":"86565f","runId":"pre-fix","hypothesisId":"H4","location":"UIManager.cs:OpenPanelCore","message":"OpenPanelCore invoked","data":{"type":"ResultToastModal"},"timestamp":1777118748296}
{"sessionId":"86565f","runId":"pre-fix","hypothesisId":"H2","location":"UIRouter.cs:OpenModal","message":"OpenModal invoked","data":{"modalType":"ResultToastModal"},"timestamp":1777118748298}
{"sessionId":"86565f","runId":"pre-fix","hypothesisId":"H2","location":"UIRouter.cs:OpenModal","message":"OpenModal invoked","data":{"modalType":"ResultToastModal"},"timestamp":1777118748298}
{"sessionId":"86565f","runId":"pre-fix","hypothesisId":"H1","location":"UIStateMachine.cs:IsModalActive","message":"IsModalActive called","data":{"callIndex":13,"modalType":"ResultToastModal","activeModalCount":1},"timestamp":1777118748300}
{"sessionId":"86565f","runId":"pre-fix","hypothesisId":"H1","location":"UIStateMachine.cs:IsModalActive","message":"IsModalActive called","data":{"callIndex":13,"modalType":"ResultToastModal","activeModalCount":1},"timestamp":1777118748300}
{"sessionId":"86565f","runId":"pre-fix","hypothesisId":"H2","location":"UIRouter.cs:OpenModal","message":"OpenModal short-circuited because already active","data":{"modalType":"ResultToastModal"},"timestamp":1777118748302}
{"sessionId":"86565f","runId":"pre-fix","hypothesisId":"H2","location":"UIRouter.cs:OpenModal","message":"OpenModal short-circuited because already active","data":{"modalType":"ResultToastModal"},"timestamp":1777118748302}
{"sessionId":"86565f","runId":"pre-fix","hypothesisId":"H4","location":"UIManager.cs:OpenPanelCore","message":"OpenPanelCore invoked","data":{"type":"ResultToastModal"},"timestamp":1777118748469}
{"sessionId":"86565f","runId":"pre-fix","hypothesisId":"H4","location":"UIManager.cs:OpenPanelCore","message":"OpenPanelCore invoked","data":{"type":"ResultToastModal"},"timestamp":1777118748469}
{"sessionId":"86565f","runId":"pre-fix","hypothesisId":"H2","location":"UIRouter.cs:OpenModal","message":"OpenModal invoked","data":{"modalType":"ResultToastModal"},"timestamp":1777118748471}
{"sessionId":"86565f","runId":"pre-fix","hypothesisId":"H2","location":"UIRouter.cs:OpenModal","message":"OpenModal invoked","data":{"modalType":"ResultToastModal"},"timestamp":1777118748471}
{"sessionId":"86565f","runId":"pre-fix","hypothesisId":"H1","location":"UIStateMachine.cs:IsModalActive","message":"IsModalActive called","data":{"callIndex":14,"modalType":"ResultToastModal","activeModalCount":1},"timestamp":1777118748472}
{"sessionId":"86565f","runId":"pre-fix","hypothesisId":"H1","location":"UIStateMachine.cs:IsModalActive","message":"IsModalActive called","data":{"callIndex":14,"modalType":"ResultToastModal","activeModalCount":1},"timestamp":1777118748472}
{"sessionId":"86565f","runId":"pre-fix","hypothesisId":"H2","location":"UIRouter.cs:OpenModal","message":"OpenModal short-circuited because already active","data":{"modalType":"ResultToastModal"},"timestamp":1777118748474}
{"sessionId":"86565f","runId":"pre-fix","hypothesisId":"H2","location":"UIRouter.cs:OpenModal","message":"OpenModal short-circuited because already active","data":{"modalType":"ResultToastModal"},"timestamp":1777118748474}
{"sessionId":"86565f","runId":"pre-fix","hypothesisId":"H4","location":"UIManager.cs:OpenPanelCore","message":"OpenPanelCore invoked","data":{"type":"ResultToastModal"},"timestamp":1777118748636}
{"sessionId":"86565f","runId":"pre-fix","hypothesisId":"H4","location":"UIManager.cs:OpenPanelCore","message":"OpenPanelCore invoked","data":{"type":"ResultToastModal"},"timestamp":1777118748636}
{"sessionId":"86565f","runId":"pre-fix","hypothesisId":"H2","location":"UIRouter.cs:OpenModal","message":"OpenModal invoked","data":{"modalType":"ResultToastModal"},"timestamp":1777118748638}
{"sessionId":"86565f","runId":"pre-fix","hypothesisId":"H2","location":"UIRouter.cs:OpenModal","message":"OpenModal invoked","data":{"modalType":"ResultToastModal"},"timestamp":1777118748638}
{"sessionId":"86565f","runId":"pre-fix","hypothesisId":"H1","location":"UIStateMachine.cs:IsModalActive","message":"IsModalActive called","data":{"callIndex":15,"modalType":"ResultToastModal","activeModalCount":1},"timestamp":1777118748640}
{"sessionId":"86565f","runId":"pre-fix","hypothesisId":"H1","location":"UIStateMachine.cs:IsModalActive","message":"IsModalActive called","data":{"callIndex":15,"modalType":"ResultToastModal","activeModalCount":1},"timestamp":1777118748640}
{"sessionId":"86565f","runId":"pre-fix","hypothesisId":"H2","location":"UIRouter.cs:OpenModal","message":"OpenModal short-circuited because already active","data":{"modalType":"ResultToastModal"},"timestamp":1777118748641}
{"sessionId":"86565f","runId":"pre-fix","hypothesisId":"H2","location":"UIRouter.cs:OpenModal","message":"OpenModal short-circuited because already active","data":{"modalType":"ResultToastModal"},"timestamp":1777118748641}
{"sessionId":"86565f","runId":"pre-fix","hypothesisId":"H3","location":"UIRouter.cs:CloseModal","message":"CloseModal invoked","data":{"modalType":"ResultToastModal"},"timestamp":1777118748786}
{"sessionId":"86565f","runId":"pre-fix","hypothesisId":"H3","location":"UIRouter.cs:CloseModal","message":"CloseModal invoked","data":{"modalType":"ResultToastModal"},"timestamp":1777118748786}
{"sessionId":"86565f","runId":"pre-fix","hypothesisId":"H1","location":"UIStateMachine.cs:IsModalActive","message":"IsModalActive called","data":{"callIndex":16,"modalType":"ResultToastModal","activeModalCount":1},"timestamp":1777118748788}
{"sessionId":"86565f","runId":"pre-fix","hypothesisId":"H1","location":"UIStateMachine.cs:IsModalActive","message":"IsModalActive called","data":{"callIndex":16,"modalType":"ResultToastModal","activeModalCount":1},"timestamp":1777118748788}
{"sessionId":"86565f","runId":"pre-fix-2","hypothesisId":"H11","location":"UIManager.cs:EnsureResultToastModalReference","message":"Existing resultToastModal reused","data":{"activeSelf":true,"inHierarchy":true,"sceneLoaded":true,"sceneName":"GameScene"},"timestamp":1777118748789}
{"sessionId":"86565f","runId":"pre-fix-2","hypothesisId":"H11","location":"UIManager.cs:EnsureResultToastModalReference","message":"Existing resultToastModal reused","data":{"activeSelf":true,"inHierarchy":true,"sceneLoaded":true,"sceneName":"GameScene"},"timestamp":1777118748789}
{"sessionId":"86565f","runId":"pre-fix-2","hypothesisId":"H12","location":"UIManager.cs:HidePanel(ResultToastModal)","message":"HidePanel calling HideImmediate","data":{"toastActiveSelf":true,"toastInHierarchy":true},"timestamp":1777118748792}
{"sessionId":"86565f","runId":"pre-fix-2","hypothesisId":"H12","location":"UIManager.cs:HidePanel(ResultToastModal)","message":"HidePanel calling HideImmediate","data":{"toastActiveSelf":true,"toastInHierarchy":true},"timestamp":1777118748792}
{"sessionId":"86565f","runId":"pre-fix-2","hypothesisId":"H12","location":"ResultToastModal.cs:HideImmediate","message":"HideImmediate called","data":{"activeSelfBefore":true,"inHierarchyBefore":true,"stack":"  at UIManager.HidePanel (UIKey uiKey) [0x0019f] in <c59b4266b1e645c48db298a98ab23b56>:0     at UIRouter.CloseModal (UIKey modalType) [0x00061] in <c59b4266b1e645c48db298a98ab23b56>:0     at UIRouter.RouteClosePanel (UIKey uiKey) [0x0001c] in <c59b4266b1e645c48db298a98ab23b56>:0     at UIManager.ClosePanelCore (UIKey type) [0x00000] in <c59b4266b1e645c48db298a98ab23b56>:0     at UIManager.CloseUIEntry (UIKey type) [0x00000] in <c59b4266b1e645c48db298a98ab23b56>:0     at UIManager.HideResultToast () [0x00000] in <c59b4266b1e645c48db298a98ab23b56>:0     at ResultToastModal+<HideAfterSecondsCoroutine>d__15.MoveNext () [0x00062] in <c59b4266b1e645c48db298a98ab23b56>:0     at UnityEngine.SetupCoroutine.InvokeMoveNext (System.Collections.IEnumerator enumerator, System.IntPtr returnValueAddress) [0x00000] in <28611404488f40de8ab3e99005e40ccd>:0 "},"timestamp":1777118748794}
{"sessionId":"86565f","runId":"pre-fix-2","hypothesisId":"H12","location":"ResultToastModal.cs:HideImmediate","message":"HideImmediate called","data":{"activeSelfBefore":true,"inHierarchyBefore":true,"stack":"  at UIManager.HidePanel (UIKey uiKey) [0x0019f] in <c59b4266b1e645c48db298a98ab23b56>:0     at UIRouter.CloseModal (UIKey modalType) [0x00061] in <c59b4266b1e645c48db298a98ab23b56>:0     at UIRouter.RouteClosePanel (UIKey uiKey) [0x0001c] in <c59b4266b1e645c48db298a98ab23b56>:0     at UIManager.ClosePanelCore (UIKey type) [0x00000] in <c59b4266b1e645c48db298a98ab23b56>:0     at UIManager.CloseUIEntry (UIKey type) [0x00000] in <c59b4266b1e645c48db298a98ab23b56>:0     at UIManager.HideResultToast () [0x00000] in <c59b4266b1e645c48db298a98ab23b56>:0     at ResultToastModal+<HideAfterSecondsCoroutine>d__15.MoveNext () [0x00062] in <c59b4266b1e645c48db298a98ab23b56>:0     at UnityEngine.SetupCoroutine.InvokeMoveNext (System.Collections.IEnumerator enumerator, System.IntPtr returnValueAddress) [0x00000] in <28611404488f40de8ab3e99005e40ccd>:0 "},"timestamp":1777118748794}
{"sessionId":"86565f","runId":"pre-fix-2","hypothesisId":"H12","location":"ResultToastModal.cs:OnDisable","message":"ResultToastModal disabled","data":{"activeSelf":false,"inHierarchy":false},"timestamp":1777118748796}
{"sessionId":"86565f","runId":"pre-fix-2","hypothesisId":"H12","location":"ResultToastModal.cs:OnDisable","message":"ResultToastModal disabled","data":{"activeSelf":false,"inHierarchy":false},"timestamp":1777118748796}
{"sessionId":"86565f","runId":"pre-fix","hypothesisId":"H4","location":"UIManager.cs:OpenPanelCore","message":"OpenPanelCore invoked","data":{"type":"ResultToastModal"},"timestamp":1777118748803}
{"sessionId":"86565f","runId":"pre-fix","hypothesisId":"H4","location":"UIManager.cs:OpenPanelCore","message":"OpenPanelCore invoked","data":{"type":"ResultToastModal"},"timestamp":1777118748803}
{"sessionId":"86565f","runId":"pre-fix","hypothesisId":"H2","location":"UIRouter.cs:OpenModal","message":"OpenModal invoked","data":{"modalType":"ResultToastModal"},"timestamp":1777118748805}
{"sessionId":"86565f","runId":"pre-fix","hypothesisId":"H2","location":"UIRouter.cs:OpenModal","message":"OpenModal invoked","data":{"modalType":"ResultToastModal"},"timestamp":1777118748805}
{"sessionId":"86565f","runId":"pre-fix","hypothesisId":"H1","location":"UIStateMachine.cs:IsModalActive","message":"IsModalActive called","data":{"callIndex":17,"modalType":"ResultToastModal","activeModalCount":0},"timestamp":1777118748806}
{"sessionId":"86565f","runId":"pre-fix","hypothesisId":"H1","location":"UIStateMachine.cs:IsModalActive","message":"IsModalActive called","data":{"callIndex":17,"modalType":"ResultToastModal","activeModalCount":0},"timestamp":1777118748806}
{"sessionId":"86565f","runId":"pre-fix-2","hypothesisId":"H11","location":"UIManager.cs:EnsureResultToastModalReference","message":"Existing resultToastModal reused","data":{"activeSelf":false,"inHierarchy":false,"sceneLoaded":true,"sceneName":"GameScene"},"timestamp":1777118748807}
{"sessionId":"86565f","runId":"pre-fix-2","hypothesisId":"H11","location":"UIManager.cs:EnsureResultToastModalReference","message":"Existing resultToastModal reused","data":{"activeSelf":false,"inHierarchy":false,"sceneLoaded":true,"sceneName":"GameScene"},"timestamp":1777118748807}
{"sessionId":"86565f","runId":"pre-fix-2","hypothesisId":"H10","location":"UIManager.cs:ShowPanel(ResultToastModal)","message":"Calling ResultToastModal.Show","data":{"toastActiveSelf":false,"toastInHierarchy":false,"toastEnabled":true,"pendingMsgEmpty":false},"timestamp":1777118748810}
{"sessionId":"86565f","runId":"pre-fix-2","hypothesisId":"H10","location":"UIManager.cs:ShowPanel(ResultToastModal)","message":"Calling ResultToastModal.Show","data":{"toastActiveSelf":false,"toastInHierarchy":false,"toastEnabled":true,"pendingMsgEmpty":false},"timestamp":1777118748810}
{"sessionId":"86565f","runId":"pre-fix-2","hypothesisId":"H8","location":"ResultToastModal.cs:Show","message":"Show entered","data":{"selfActive":false,"inHierarchy":false,"componentEnabled":true,"hasParent":true,"parentInHierarchy":true},"timestamp":1777118748811}
{"sessionId":"86565f","runId":"pre-fix-2","hypothesisId":"H8","location":"ResultToastModal.cs:Show","message":"Show entered","data":{"selfActive":false,"inHierarchy":false,"componentEnabled":true,"hasParent":true,"parentInHierarchy":true},"timestamp":1777118748811}
{"sessionId":"86565f","runId":"pre-fix-2","hypothesisId":"H12","location":"ResultToastModal.cs:OnEnable","message":"ResultToastModal enabled","data":{"activeSelf":true,"inHierarchy":true},"timestamp":1777118748812}
{"sessionId":"86565f","runId":"pre-fix-2","hypothesisId":"H12","location":"ResultToastModal.cs:OnEnable","message":"ResultToastModal enabled","data":{"activeSelf":true,"inHierarchy":true},"timestamp":1777118748812}
{"sessionId":"86565f","runId":"pre-fix-2","hypothesisId":"H8","location":"ResultToastModal.cs:Show","message":"After SetActive(true)","data":{"selfActive":true,"inHierarchy":true,"componentEnabled":true},"timestamp":1777118748814}
{"sessionId":"86565f","runId":"pre-fix-2","hypothesisId":"H8","location":"ResultToastModal.cs:Show","message":"After SetActive(true)","data":{"selfActive":true,"inHierarchy":true,"componentEnabled":true},"timestamp":1777118748814}
{"sessionId":"86565f","runId":"pre-fix-2","hypothesisId":"H9","location":"ResultToastModal.cs:Show","message":"StartCoroutine returned","data":{"hideCoroutineNull":false},"timestamp":1777118748815}
{"sessionId":"86565f","runId":"pre-fix-2","hypothesisId":"H9","location":"ResultToastModal.cs:Show","message":"StartCoroutine returned","data":{"hideCoroutineNull":false},"timestamp":1777118748815}
{"sessionId":"86565f","runId":"pre-fix","hypothesisId":"H4","location":"UIManager.cs:OpenPanelCore","message":"OpenPanelCore invoked","data":{"type":"ResultToastModal"},"timestamp":1777118748980}
{"sessionId":"86565f","runId":"pre-fix","hypothesisId":"H4","location":"UIManager.cs:OpenPanelCore","message":"OpenPanelCore invoked","data":{"type":"ResultToastModal"},"timestamp":1777118748980}
{"sessionId":"86565f","runId":"pre-fix","hypothesisId":"H2","location":"UIRouter.cs:OpenModal","message":"OpenModal invoked","data":{"modalType":"ResultToastModal"},"timestamp":1777118748982}
{"sessionId":"86565f","runId":"pre-fix","hypothesisId":"H2","location":"UIRouter.cs:OpenModal","message":"OpenModal invoked","data":{"modalType":"ResultToastModal"},"timestamp":1777118748982}
{"sessionId":"86565f","runId":"pre-fix","hypothesisId":"H1","location":"UIStateMachine.cs:IsModalActive","message":"IsModalActive called","data":{"callIndex":18,"modalType":"ResultToastModal","activeModalCount":1},"timestamp":1777118748985}
{"sessionId":"86565f","runId":"pre-fix","hypothesisId":"H1","location":"UIStateMachine.cs:IsModalActive","message":"IsModalActive called","data":{"callIndex":18,"modalType":"ResultToastModal","activeModalCount":1},"timestamp":1777118748985}
{"sessionId":"86565f","runId":"pre-fix","hypothesisId":"H2","location":"UIRouter.cs:OpenModal","message":"OpenModal short-circuited because already active","data":{"modalType":"ResultToastModal"},"timestamp":1777118748987}
{"sessionId":"86565f","runId":"pre-fix","hypothesisId":"H2","location":"UIRouter.cs:OpenModal","message":"OpenModal short-circuited because already active","data":{"modalType":"ResultToastModal"},"timestamp":1777118748987}
{"sessionId":"86565f","runId":"pre-fix","hypothesisId":"H4","location":"UIManager.cs:OpenPanelCore","message":"OpenPanelCore invoked","data":{"type":"ResultToastModal"},"timestamp":1777118749156}
{"sessionId":"86565f","runId":"pre-fix","hypothesisId":"H4","location":"UIManager.cs:OpenPanelCore","message":"OpenPanelCore invoked","data":{"type":"ResultToastModal"},"timestamp":1777118749156}
{"sessionId":"86565f","runId":"pre-fix","hypothesisId":"H2","location":"UIRouter.cs:OpenModal","message":"OpenModal invoked","data":{"modalType":"ResultToastModal"},"timestamp":1777118749159}
{"sessionId":"86565f","runId":"pre-fix","hypothesisId":"H2","location":"UIRouter.cs:OpenModal","message":"OpenModal invoked","data":{"modalType":"ResultToastModal"},"timestamp":1777118749159}
{"sessionId":"86565f","runId":"pre-fix","hypothesisId":"H1","location":"UIStateMachine.cs:IsModalActive","message":"IsModalActive called","data":{"callIndex":19,"modalType":"ResultToastModal","activeModalCount":1},"timestamp":1777118749161}
{"sessionId":"86565f","runId":"pre-fix","hypothesisId":"H1","location":"UIStateMachine.cs:IsModalActive","message":"IsModalActive called","data":{"callIndex":19,"modalType":"ResultToastModal","activeModalCount":1},"timestamp":1777118749161}
{"sessionId":"86565f","runId":"pre-fix","hypothesisId":"H2","location":"UIRouter.cs:OpenModal","message":"OpenModal short-circuited because already active","data":{"modalType":"ResultToastModal"},"timestamp":1777118749162}
{"sessionId":"86565f","runId":"pre-fix","hypothesisId":"H2","location":"UIRouter.cs:OpenModal","message":"OpenModal short-circuited because already active","data":{"modalType":"ResultToastModal"},"timestamp":1777118749162}
{"sessionId":"86565f","runId":"pre-fix","hypothesisId":"H4","location":"UIManager.cs:OpenPanelCore","message":"OpenPanelCore invoked","data":{"type":"ResultToastModal"},"timestamp":1777118750555}
{"sessionId":"86565f","runId":"pre-fix","hypothesisId":"H4","location":"UIManager.cs:OpenPanelCore","message":"OpenPanelCore invoked","data":{"type":"ResultToastModal"},"timestamp":1777118750555}
{"sessionId":"86565f","runId":"pre-fix","hypothesisId":"H2","location":"UIRouter.cs:OpenModal","message":"OpenModal invoked","data":{"modalType":"ResultToastModal"},"timestamp":1777118750558}
{"sessionId":"86565f","runId":"pre-fix","hypothesisId":"H2","location":"UIRouter.cs:OpenModal","message":"OpenModal invoked","data":{"modalType":"ResultToastModal"},"timestamp":1777118750558}
{"sessionId":"86565f","runId":"pre-fix","hypothesisId":"H1","location":"UIStateMachine.cs:IsModalActive","message":"IsModalActive called","data":{"callIndex":20,"modalType":"ResultToastModal","activeModalCount":1},"timestamp":1777118750559}
{"sessionId":"86565f","runId":"pre-fix","hypothesisId":"H1","location":"UIStateMachine.cs:IsModalActive","message":"IsModalActive called","data":{"callIndex":20,"modalType":"ResultToastModal","activeModalCount":1},"timestamp":1777118750559}
{"sessionId":"86565f","runId":"pre-fix","hypothesisId":"H2","location":"UIRouter.cs:OpenModal","message":"OpenModal short-circuited because already active","data":{"modalType":"ResultToastModal"},"timestamp":1777118750561}
{"sessionId":"86565f","runId":"pre-fix","hypothesisId":"H2","location":"UIRouter.cs:OpenModal","message":"OpenModal short-circuited because already active","data":{"modalType":"ResultToastModal"},"timestamp":1777118750561}
{"sessionId":"86565f","runId":"pre-fix","hypothesisId":"H3","location":"UIRouter.cs:CloseModal","message":"CloseModal invoked","data":{"modalType":"ResultToastModal"},"timestamp":1777118751802}
{"sessionId":"86565f","runId":"pre-fix","hypothesisId":"H3","location":"UIRouter.cs:CloseModal","message":"CloseModal invoked","data":{"modalType":"ResultToastModal"},"timestamp":1777118751802}
{"sessionId":"86565f","runId":"pre-fix","hypothesisId":"H1","location":"UIStateMachine.cs:IsModalActive","message":"IsModalActive called","data":{"callIndex":21,"modalType":"ResultToastModal","activeModalCount":1},"timestamp":1777118751804}
{"sessionId":"86565f","runId":"pre-fix","hypothesisId":"H1","location":"UIStateMachine.cs:IsModalActive","message":"IsModalActive called","data":{"callIndex":21,"modalType":"ResultToastModal","activeModalCount":1},"timestamp":1777118751804}
{"sessionId":"86565f","runId":"pre-fix-2","hypothesisId":"H11","location":"UIManager.cs:EnsureResultToastModalReference","message":"Existing resultToastModal reused","data":{"activeSelf":true,"inHierarchy":true,"sceneLoaded":true,"sceneName":"GameScene"},"timestamp":1777118751806}
{"sessionId":"86565f","runId":"pre-fix-2","hypothesisId":"H11","location":"UIManager.cs:EnsureResultToastModalReference","message":"Existing resultToastModal reused","data":{"activeSelf":true,"inHierarchy":true,"sceneLoaded":true,"sceneName":"GameScene"},"timestamp":1777118751806}
{"sessionId":"86565f","runId":"pre-fix-2","hypothesisId":"H12","location":"UIManager.cs:HidePanel(ResultToastModal)","message":"HidePanel calling HideImmediate","data":{"toastActiveSelf":true,"toastInHierarchy":true},"timestamp":1777118751809}
{"sessionId":"86565f","runId":"pre-fix-2","hypothesisId":"H12","location":"UIManager.cs:HidePanel(ResultToastModal)","message":"HidePanel calling HideImmediate","data":{"toastActiveSelf":true,"toastInHierarchy":true},"timestamp":1777118751809}
{"sessionId":"86565f","runId":"pre-fix-2","hypothesisId":"H12","location":"ResultToastModal.cs:HideImmediate","message":"HideImmediate called","data":{"activeSelfBefore":true,"inHierarchyBefore":true,"stack":"  at UIManager.HidePanel (UIKey uiKey) [0x0019f] in <c59b4266b1e645c48db298a98ab23b56>:0     at UIRouter.CloseModal (UIKey modalType) [0x00061] in <c59b4266b1e645c48db298a98ab23b56>:0     at UIRouter.RouteClosePanel (UIKey uiKey) [0x0001c] in <c59b4266b1e645c48db298a98ab23b56>:0     at UIManager.ClosePanelCore (UIKey type) [0x00000] in <c59b4266b1e645c48db298a98ab23b56>:0     at UIManager.CloseUIEntry (UIKey type) [0x00000] in <c59b4266b1e645c48db298a98ab23b56>:0     at UIManager.HideResultToast () [0x00000] in <c59b4266b1e645c48db298a98ab23b56>:0     at ResultToastModal+<HideAfterSecondsCoroutine>d__15.MoveNext () [0x00062] in <c59b4266b1e645c48db298a98ab23b56>:0     at UnityEngine.SetupCoroutine.InvokeMoveNext (System.Collections.IEnumerator enumerator, System.IntPtr returnValueAddress) [0x00000] in <28611404488f40de8ab3e99005e40ccd>:0 "},"timestamp":1777118751811}
{"sessionId":"86565f","runId":"pre-fix-2","hypothesisId":"H12","location":"ResultToastModal.cs:HideImmediate","message":"HideImmediate called","data":{"activeSelfBefore":true,"inHierarchyBefore":true,"stack":"  at UIManager.HidePanel (UIKey uiKey) [0x0019f] in <c59b4266b1e645c48db298a98ab23b56>:0     at UIRouter.CloseModal (UIKey modalType) [0x00061] in <c59b4266b1e645c48db298a98ab23b56>:0     at UIRouter.RouteClosePanel (UIKey uiKey) [0x0001c] in <c59b4266b1e645c48db298a98ab23b56>:0     at UIManager.ClosePanelCore (UIKey type) [0x00000] in <c59b4266b1e645c48db298a98ab23b56>:0     at UIManager.CloseUIEntry (UIKey type) [0x00000] in <c59b4266b1e645c48db298a98ab23b56>:0     at UIManager.HideResultToast () [0x00000] in <c59b4266b1e645c48db298a98ab23b56>:0     at ResultToastModal+<HideAfterSecondsCoroutine>d__15.MoveNext () [0x00062] in <c59b4266b1e645c48db298a98ab23b56>:0     at UnityEngine.SetupCoroutine.InvokeMoveNext (System.Collections.IEnumerator enumerator, System.IntPtr returnValueAddress) [0x00000] in <28611404488f40de8ab3e99005e40ccd>:0 "},"timestamp":1777118751811}
{"sessionId":"86565f","runId":"pre-fix-2","hypothesisId":"H12","location":"ResultToastModal.cs:OnDisable","message":"ResultToastModal disabled","data":{"activeSelf":false,"inHierarchy":false},"timestamp":1777118751812}
{"sessionId":"86565f","runId":"pre-fix-2","hypothesisId":"H12","location":"ResultToastModal.cs:OnDisable","message":"ResultToastModal disabled","data":{"activeSelf":false,"inHierarchy":false},"timestamp":1777118751812}
{"sessionId":"86565f","runId":"pre-fix","hypothesisId":"H4","location":"UIManager.cs:OpenPanelCore","message":"OpenPanelCore invoked","data":{"type":"ResultToastModal"},"timestamp":1777118752481}
{"sessionId":"86565f","runId":"pre-fix","hypothesisId":"H4","location":"UIManager.cs:OpenPanelCore","message":"OpenPanelCore invoked","data":{"type":"ResultToastModal"},"timestamp":1777118752481}
{"sessionId":"86565f","runId":"pre-fix","hypothesisId":"H2","location":"UIRouter.cs:OpenModal","message":"OpenModal invoked","data":{"modalType":"ResultToastModal"},"timestamp":1777118752483}
{"sessionId":"86565f","runId":"pre-fix","hypothesisId":"H2","location":"UIRouter.cs:OpenModal","message":"OpenModal invoked","data":{"modalType":"ResultToastModal"},"timestamp":1777118752483}
{"sessionId":"86565f","runId":"pre-fix","hypothesisId":"H1","location":"UIStateMachine.cs:IsModalActive","message":"IsModalActive called","data":{"callIndex":22,"modalType":"ResultToastModal","activeModalCount":0},"timestamp":1777118752485}
{"sessionId":"86565f","runId":"pre-fix","hypothesisId":"H1","location":"UIStateMachine.cs:IsModalActive","message":"IsModalActive called","data":{"callIndex":22,"modalType":"ResultToastModal","activeModalCount":0},"timestamp":1777118752485}
{"sessionId":"86565f","runId":"pre-fix-2","hypothesisId":"H11","location":"UIManager.cs:EnsureResultToastModalReference","message":"Existing resultToastModal reused","data":{"activeSelf":false,"inHierarchy":false,"sceneLoaded":true,"sceneName":"GameScene"},"timestamp":1777118752487}
{"sessionId":"86565f","runId":"pre-fix-2","hypothesisId":"H11","location":"UIManager.cs:EnsureResultToastModalReference","message":"Existing resultToastModal reused","data":{"activeSelf":false,"inHierarchy":false,"sceneLoaded":true,"sceneName":"GameScene"},"timestamp":1777118752487}
{"sessionId":"86565f","runId":"pre-fix-2","hypothesisId":"H10","location":"UIManager.cs:ShowPanel(ResultToastModal)","message":"Calling ResultToastModal.Show","data":{"toastActiveSelf":false,"toastInHierarchy":false,"toastEnabled":true,"pendingMsgEmpty":false},"timestamp":1777118752489}
{"sessionId":"86565f","runId":"pre-fix-2","hypothesisId":"H10","location":"UIManager.cs:ShowPanel(ResultToastModal)","message":"Calling ResultToastModal.Show","data":{"toastActiveSelf":false,"toastInHierarchy":false,"toastEnabled":true,"pendingMsgEmpty":false},"timestamp":1777118752489}
{"sessionId":"86565f","runId":"pre-fix-2","hypothesisId":"H8","location":"ResultToastModal.cs:Show","message":"Show entered","data":{"selfActive":false,"inHierarchy":false,"componentEnabled":true,"hasParent":true,"parentInHierarchy":true},"timestamp":1777118752491}
{"sessionId":"86565f","runId":"pre-fix-2","hypothesisId":"H8","location":"ResultToastModal.cs:Show","message":"Show entered","data":{"selfActive":false,"inHierarchy":false,"componentEnabled":true,"hasParent":true,"parentInHierarchy":true},"timestamp":1777118752491}
{"sessionId":"86565f","runId":"pre-fix-2","hypothesisId":"H12","location":"ResultToastModal.cs:OnEnable","message":"ResultToastModal enabled","data":{"activeSelf":true,"inHierarchy":true},"timestamp":1777118752492}
{"sessionId":"86565f","runId":"pre-fix-2","hypothesisId":"H12","location":"ResultToastModal.cs:OnEnable","message":"ResultToastModal enabled","data":{"activeSelf":true,"inHierarchy":true},"timestamp":1777118752492}
{"sessionId":"86565f","runId":"pre-fix-2","hypothesisId":"H8","location":"ResultToastModal.cs:Show","message":"After SetActive(true)","data":{"selfActive":true,"inHierarchy":true,"componentEnabled":true},"timestamp":1777118752493}
{"sessionId":"86565f","runId":"pre-fix-2","hypothesisId":"H8","location":"ResultToastModal.cs:Show","message":"After SetActive(true)","data":{"selfActive":true,"inHierarchy":true,"componentEnabled":true},"timestamp":1777118752493}
{"sessionId":"86565f","runId":"pre-fix-2","hypothesisId":"H9","location":"ResultToastModal.cs:Show","message":"StartCoroutine returned","data":{"hideCoroutineNull":false},"timestamp":1777118752495}
{"sessionId":"86565f","runId":"pre-fix-2","hypothesisId":"H9","location":"ResultToastModal.cs:Show","message":"StartCoroutine returned","data":{"hideCoroutineNull":false},"timestamp":1777118752495}
{"sessionId":"86565f","runId":"pre-fix","hypothesisId":"H4","location":"UIManager.cs:OpenPanelCore","message":"OpenPanelCore invoked","data":{"type":"ResultToastModal"},"timestamp":1777118752834}
{"sessionId":"86565f","runId":"pre-fix","hypothesisId":"H4","location":"UIManager.cs:OpenPanelCore","message":"OpenPanelCore invoked","data":{"type":"ResultToastModal"},"timestamp":1777118752834}
{"sessionId":"86565f","runId":"pre-fix","hypothesisId":"H2","location":"UIRouter.cs:OpenModal","message":"OpenModal invoked","data":{"modalType":"ResultToastModal"},"timestamp":1777118752836}
{"sessionId":"86565f","runId":"pre-fix","hypothesisId":"H2","location":"UIRouter.cs:OpenModal","message":"OpenModal invoked","data":{"modalType":"ResultToastModal"},"timestamp":1777118752836}
{"sessionId":"86565f","runId":"pre-fix","hypothesisId":"H1","location":"UIStateMachine.cs:IsModalActive","message":"IsModalActive called","data":{"callIndex":23,"modalType":"ResultToastModal","activeModalCount":1},"timestamp":1777118752839}
{"sessionId":"86565f","runId":"pre-fix","hypothesisId":"H1","location":"UIStateMachine.cs:IsModalActive","message":"IsModalActive called","data":{"callIndex":23,"modalType":"ResultToastModal","activeModalCount":1},"timestamp":1777118752839}
{"sessionId":"86565f","runId":"pre-fix","hypothesisId":"H2","location":"UIRouter.cs:OpenModal","message":"OpenModal short-circuited because already active","data":{"modalType":"ResultToastModal"},"timestamp":1777118752841}
{"sessionId":"86565f","runId":"pre-fix","hypothesisId":"H2","location":"UIRouter.cs:OpenModal","message":"OpenModal short-circuited because already active","data":{"modalType":"ResultToastModal"},"timestamp":1777118752841}
{"sessionId":"86565f","runId":"pre-fix","hypothesisId":"H4","location":"UIManager.cs:OpenPanelCore","message":"OpenPanelCore invoked","data":{"type":"ResultToastModal"},"timestamp":1777118754199}
{"sessionId":"86565f","runId":"pre-fix","hypothesisId":"H4","location":"UIManager.cs:OpenPanelCore","message":"OpenPanelCore invoked","data":{"type":"ResultToastModal"},"timestamp":1777118754199}
{"sessionId":"86565f","runId":"pre-fix","hypothesisId":"H2","location":"UIRouter.cs:OpenModal","message":"OpenModal invoked","data":{"modalType":"ResultToastModal"},"timestamp":1777118754201}
{"sessionId":"86565f","runId":"pre-fix","hypothesisId":"H2","location":"UIRouter.cs:OpenModal","message":"OpenModal invoked","data":{"modalType":"ResultToastModal"},"timestamp":1777118754201}
{"sessionId":"86565f","runId":"pre-fix","hypothesisId":"H1","location":"UIStateMachine.cs:IsModalActive","message":"IsModalActive called","data":{"callIndex":24,"modalType":"ResultToastModal","activeModalCount":1},"timestamp":1777118754203}
{"sessionId":"86565f","runId":"pre-fix","hypothesisId":"H1","location":"UIStateMachine.cs:IsModalActive","message":"IsModalActive called","data":{"callIndex":24,"modalType":"ResultToastModal","activeModalCount":1},"timestamp":1777118754203}
{"sessionId":"86565f","runId":"pre-fix","hypothesisId":"H2","location":"UIRouter.cs:OpenModal","message":"OpenModal short-circuited because already active","data":{"modalType":"ResultToastModal"},"timestamp":1777118754204}
{"sessionId":"86565f","runId":"pre-fix","hypothesisId":"H2","location":"UIRouter.cs:OpenModal","message":"OpenModal short-circuited because already active","data":{"modalType":"ResultToastModal"},"timestamp":1777118754204}
{"sessionId":"86565f","runId":"pre-fix","hypothesisId":"H3","location":"UIRouter.cs:CloseModal","message":"CloseModal invoked","data":{"modalType":"ResultToastModal"},"timestamp":1777118755482}
{"sessionId":"86565f","runId":"pre-fix","hypothesisId":"H3","location":"UIRouter.cs:CloseModal","message":"CloseModal invoked","data":{"modalType":"ResultToastModal"},"timestamp":1777118755482}
{"sessionId":"86565f","runId":"pre-fix","hypothesisId":"H1","location":"UIStateMachine.cs:IsModalActive","message":"IsModalActive called","data":{"callIndex":25,"modalType":"ResultToastModal","activeModalCount":1},"timestamp":1777118755484}
{"sessionId":"86565f","runId":"pre-fix","hypothesisId":"H1","location":"UIStateMachine.cs:IsModalActive","message":"IsModalActive called","data":{"callIndex":25,"modalType":"ResultToastModal","activeModalCount":1},"timestamp":1777118755484}
{"sessionId":"86565f","runId":"pre-fix-2","hypothesisId":"H11","location":"UIManager.cs:EnsureResultToastModalReference","message":"Existing resultToastModal reused","data":{"activeSelf":true,"inHierarchy":true,"sceneLoaded":true,"sceneName":"GameScene"},"timestamp":1777118755485}
{"sessionId":"86565f","runId":"pre-fix-2","hypothesisId":"H11","location":"UIManager.cs:EnsureResultToastModalReference","message":"Existing resultToastModal reused","data":{"activeSelf":true,"inHierarchy":true,"sceneLoaded":true,"sceneName":"GameScene"},"timestamp":1777118755485}
{"sessionId":"86565f","runId":"pre-fix-2","hypothesisId":"H12","location":"UIManager.cs:HidePanel(ResultToastModal)","message":"HidePanel calling HideImmediate","data":{"toastActiveSelf":true,"toastInHierarchy":true},"timestamp":1777118755487}
{"sessionId":"86565f","runId":"pre-fix-2","hypothesisId":"H12","location":"UIManager.cs:HidePanel(ResultToastModal)","message":"HidePanel calling HideImmediate","data":{"toastActiveSelf":true,"toastInHierarchy":true},"timestamp":1777118755487}
{"sessionId":"86565f","runId":"pre-fix-2","hypothesisId":"H12","location":"ResultToastModal.cs:HideImmediate","message":"HideImmediate called","data":{"activeSelfBefore":true,"inHierarchyBefore":true,"stack":"  at UIManager.HidePanel (UIKey uiKey) [0x0019f] in <c59b4266b1e645c48db298a98ab23b56>:0     at UIRouter.CloseModal (UIKey modalType) [0x00061] in <c59b4266b1e645c48db298a98ab23b56>:0     at UIRouter.RouteClosePanel (UIKey uiKey) [0x0001c] in <c59b4266b1e645c48db298a98ab23b56>:0     at UIManager.ClosePanelCore (UIKey type) [0x00000] in <c59b4266b1e645c48db298a98ab23b56>:0     at UIManager.CloseUIEntry (UIKey type) [0x00000] in <c59b4266b1e645c48db298a98ab23b56>:0     at UIManager.HideResultToast () [0x00000] in <c59b4266b1e645c48db298a98ab23b56>:0     at ResultToastModal+<HideAfterSecondsCoroutine>d__15.MoveNext () [0x00062] in <c59b4266b1e645c48db298a98ab23b56>:0     at UnityEngine.SetupCoroutine.InvokeMoveNext (System.Collections.IEnumerator enumerator, System.IntPtr returnValueAddress) [0x00000] in <28611404488f40de8ab3e99005e40ccd>:0 "},"timestamp":1777118755490}
{"sessionId":"86565f","runId":"pre-fix-2","hypothesisId":"H12","location":"ResultToastModal.cs:HideImmediate","message":"HideImmediate called","data":{"activeSelfBefore":true,"inHierarchyBefore":true,"stack":"  at UIManager.HidePanel (UIKey uiKey) [0x0019f] in <c59b4266b1e645c48db298a98ab23b56>:0     at UIRouter.CloseModal (UIKey modalType) [0x00061] in <c59b4266b1e645c48db298a98ab23b56>:0     at UIRouter.RouteClosePanel (UIKey uiKey) [0x0001c] in <c59b4266b1e645c48db298a98ab23b56>:0     at UIManager.ClosePanelCore (UIKey type) [0x00000] in <c59b4266b1e645c48db298a98ab23b56>:0     at UIManager.CloseUIEntry (UIKey type) [0x00000] in <c59b4266b1e645c48db298a98ab23b56>:0     at UIManager.HideResultToast () [0x00000] in <c59b4266b1e645c48db298a98ab23b56>:0     at ResultToastModal+<HideAfterSecondsCoroutine>d__15.MoveNext () [0x00062] in <c59b4266b1e645c48db298a98ab23b56>:0     at UnityEngine.SetupCoroutine.InvokeMoveNext (System.Collections.IEnumerator enumerator, System.IntPtr returnValueAddress) [0x00000] in <28611404488f40de8ab3e99005e40ccd>:0 "},"timestamp":1777118755490}
{"sessionId":"86565f","runId":"pre-fix-2","hypothesisId":"H12","location":"ResultToastModal.cs:OnDisable","message":"ResultToastModal disabled","data":{"activeSelf":false,"inHierarchy":false},"timestamp":1777118755493}
{"sessionId":"86565f","runId":"pre-fix-2","hypothesisId":"H12","location":"ResultToastModal.cs:OnDisable","message":"ResultToastModal disabled","data":{"activeSelf":false,"inHierarchy":false},"timestamp":1777118755493}
{"sessionId":"86565f","runId":"pre-fix","hypothesisId":"H4","location":"UIManager.cs:OpenPanelCore","message":"OpenPanelCore invoked","data":{"type":"CraftPage"},"timestamp":1777118757714}
{"sessionId":"86565f","runId":"pre-fix","hypothesisId":"H4","location":"UIManager.cs:OpenPanelCore","message":"OpenPanelCore invoked","data":{"type":"CraftPage"},"timestamp":1777118757714}
{"sessionId":"86565f","runId":"pre-fix","hypothesisId":"H1","location":"UIStateMachine.cs:IsModalActive","message":"IsModalActive called","data":{"callIndex":26,"modalType":"EventNarrationModal","activeModalCount":0},"timestamp":1777118757716}
{"sessionId":"86565f","runId":"pre-fix","hypothesisId":"H1","location":"UIStateMachine.cs:IsModalActive","message":"IsModalActive called","data":{"callIndex":26,"modalType":"EventNarrationModal","activeModalCount":0},"timestamp":1777118757716}
{"sessionId":"86565f","runId":"pre-fix","hypothesisId":"H4","location":"UIManager.cs:OpenPanelCore","message":"OpenPanelCore invoked","data":{"type":"ResultToastModal"},"timestamp":1777118758931}
{"sessionId":"86565f","runId":"pre-fix","hypothesisId":"H4","location":"UIManager.cs:OpenPanelCore","message":"OpenPanelCore invoked","data":{"type":"ResultToastModal"},"timestamp":1777118758931}
{"sessionId":"86565f","runId":"pre-fix","hypothesisId":"H2","location":"UIRouter.cs:OpenModal","message":"OpenModal invoked","data":{"modalType":"ResultToastModal"},"timestamp":1777118758932}
{"sessionId":"86565f","runId":"pre-fix","hypothesisId":"H2","location":"UIRouter.cs:OpenModal","message":"OpenModal invoked","data":{"modalType":"ResultToastModal"},"timestamp":1777118758932}
{"sessionId":"86565f","runId":"pre-fix","hypothesisId":"H1","location":"UIStateMachine.cs:IsModalActive","message":"IsModalActive called","data":{"callIndex":27,"modalType":"ResultToastModal","activeModalCount":0},"timestamp":1777118758934}
{"sessionId":"86565f","runId":"pre-fix","hypothesisId":"H1","location":"UIStateMachine.cs:IsModalActive","message":"IsModalActive called","data":{"callIndex":27,"modalType":"ResultToastModal","activeModalCount":0},"timestamp":1777118758934}
{"sessionId":"86565f","runId":"pre-fix-2","hypothesisId":"H11","location":"UIManager.cs:EnsureResultToastModalReference","message":"Existing resultToastModal reused","data":{"activeSelf":false,"inHierarchy":false,"sceneLoaded":true,"sceneName":"GameScene"},"timestamp":1777118758936}
{"sessionId":"86565f","runId":"pre-fix-2","hypothesisId":"H11","location":"UIManager.cs:EnsureResultToastModalReference","message":"Existing resultToastModal reused","data":{"activeSelf":false,"inHierarchy":false,"sceneLoaded":true,"sceneName":"GameScene"},"timestamp":1777118758936}
{"sessionId":"86565f","runId":"pre-fix-2","hypothesisId":"H10","location":"UIManager.cs:ShowPanel(ResultToastModal)","message":"Calling ResultToastModal.Show","data":{"toastActiveSelf":false,"toastInHierarchy":false,"toastEnabled":true,"pendingMsgEmpty":false},"timestamp":1777118758937}
{"sessionId":"86565f","runId":"pre-fix-2","hypothesisId":"H10","location":"UIManager.cs:ShowPanel(ResultToastModal)","message":"Calling ResultToastModal.Show","data":{"toastActiveSelf":false,"toastInHierarchy":false,"toastEnabled":true,"pendingMsgEmpty":false},"timestamp":1777118758937}
{"sessionId":"86565f","runId":"pre-fix-2","hypothesisId":"H8","location":"ResultToastModal.cs:Show","message":"Show entered","data":{"selfActive":false,"inHierarchy":false,"componentEnabled":true,"hasParent":true,"parentInHierarchy":true},"timestamp":1777118758940}
{"sessionId":"86565f","runId":"pre-fix-2","hypothesisId":"H8","location":"ResultToastModal.cs:Show","message":"Show entered","data":{"selfActive":false,"inHierarchy":false,"componentEnabled":true,"hasParent":true,"parentInHierarchy":true},"timestamp":1777118758940}
{"sessionId":"86565f","runId":"pre-fix-2","hypothesisId":"H12","location":"ResultToastModal.cs:OnEnable","message":"ResultToastModal enabled","data":{"activeSelf":true,"inHierarchy":true},"timestamp":1777118758941}
{"sessionId":"86565f","runId":"pre-fix-2","hypothesisId":"H12","location":"ResultToastModal.cs:OnEnable","message":"ResultToastModal enabled","data":{"activeSelf":true,"inHierarchy":true},"timestamp":1777118758941}
{"sessionId":"86565f","runId":"pre-fix-2","hypothesisId":"H8","location":"ResultToastModal.cs:Show","message":"After SetActive(true)","data":{"selfActive":true,"inHierarchy":true,"componentEnabled":true},"timestamp":1777118758943}
{"sessionId":"86565f","runId":"pre-fix-2","hypothesisId":"H8","location":"ResultToastModal.cs:Show","message":"After SetActive(true)","data":{"selfActive":true,"inHierarchy":true,"componentEnabled":true},"timestamp":1777118758943}
{"sessionId":"86565f","runId":"pre-fix-2","hypothesisId":"H9","location":"ResultToastModal.cs:Show","message":"StartCoroutine returned","data":{"hideCoroutineNull":false},"timestamp":1777118758944}
{"sessionId":"86565f","runId":"pre-fix-2","hypothesisId":"H9","location":"ResultToastModal.cs:Show","message":"StartCoroutine returned","data":{"hideCoroutineNull":false},"timestamp":1777118758944}
{"sessionId":"86565f","runId":"pre-fix","hypothesisId":"H4","location":"UIManager.cs:OpenPanelCore","message":"OpenPanelCore invoked","data":{"type":"ResultToastModal"},"timestamp":1777118759090}
{"sessionId":"86565f","runId":"pre-fix","hypothesisId":"H4","location":"UIManager.cs:OpenPanelCore","message":"OpenPanelCore invoked","data":{"type":"ResultToastModal"},"timestamp":1777118759090}
{"sessionId":"86565f","runId":"pre-fix","hypothesisId":"H2","location":"UIRouter.cs:OpenModal","message":"OpenModal invoked","data":{"modalType":"ResultToastModal"},"timestamp":1777118759092}
{"sessionId":"86565f","runId":"pre-fix","hypothesisId":"H2","location":"UIRouter.cs:OpenModal","message":"OpenModal invoked","data":{"modalType":"ResultToastModal"},"timestamp":1777118759092}
{"sessionId":"86565f","runId":"pre-fix","hypothesisId":"H1","location":"UIStateMachine.cs:IsModalActive","message":"IsModalActive called","data":{"callIndex":28,"modalType":"ResultToastModal","activeModalCount":1},"timestamp":1777118759094}
{"sessionId":"86565f","runId":"pre-fix","hypothesisId":"H1","location":"UIStateMachine.cs:IsModalActive","message":"IsModalActive called","data":{"callIndex":28,"modalType":"ResultToastModal","activeModalCount":1},"timestamp":1777118759094}
{"sessionId":"86565f","runId":"pre-fix","hypothesisId":"H2","location":"UIRouter.cs:OpenModal","message":"OpenModal short-circuited because already active","data":{"modalType":"ResultToastModal"},"timestamp":1777118759095}
{"sessionId":"86565f","runId":"pre-fix","hypothesisId":"H2","location":"UIRouter.cs:OpenModal","message":"OpenModal short-circuited because already active","data":{"modalType":"ResultToastModal"},"timestamp":1777118759095}
{"sessionId":"86565f","runId":"pre-fix","hypothesisId":"H4","location":"UIManager.cs:OpenPanelCore","message":"OpenPanelCore invoked","data":{"type":"InventoryPage"},"timestamp":1777118760427}
{"sessionId":"86565f","runId":"pre-fix","hypothesisId":"H4","location":"UIManager.cs:OpenPanelCore","message":"OpenPanelCore invoked","data":{"type":"InventoryPage"},"timestamp":1777118760427}
{"sessionId":"86565f","runId":"pre-fix","hypothesisId":"H1","location":"UIStateMachine.cs:IsModalActive","message":"IsModalActive called","data":{"callIndex":29,"modalType":"EventNarrationModal","activeModalCount":1},"timestamp":1777118760429}
{"sessionId":"86565f","runId":"pre-fix","hypothesisId":"H1","location":"UIStateMachine.cs:IsModalActive","message":"IsModalActive called","data":{"callIndex":29,"modalType":"EventNarrationModal","activeModalCount":1},"timestamp":1777118760429}
{"sessionId":"86565f","runId":"pre-fix","hypothesisId":"H4","location":"UIManager.cs:OpenPanelCore","message":"OpenPanelCore invoked","data":{"type":"ResultToastModal"},"timestamp":1777118761744}
{"sessionId":"86565f","runId":"pre-fix","hypothesisId":"H4","location":"UIManager.cs:OpenPanelCore","message":"OpenPanelCore invoked","data":{"type":"ResultToastModal"},"timestamp":1777118761744}
{"sessionId":"86565f","runId":"pre-fix","hypothesisId":"H2","location":"UIRouter.cs:OpenModal","message":"OpenModal invoked","data":{"modalType":"ResultToastModal"},"timestamp":1777118761746}
{"sessionId":"86565f","runId":"pre-fix","hypothesisId":"H2","location":"UIRouter.cs:OpenModal","message":"OpenModal invoked","data":{"modalType":"ResultToastModal"},"timestamp":1777118761746}
{"sessionId":"86565f","runId":"pre-fix","hypothesisId":"H1","location":"UIStateMachine.cs:IsModalActive","message":"IsModalActive called","data":{"callIndex":30,"modalType":"ResultToastModal","activeModalCount":1},"timestamp":1777118761748}
{"sessionId":"86565f","runId":"pre-fix","hypothesisId":"H1","location":"UIStateMachine.cs:IsModalActive","message":"IsModalActive called","data":{"callIndex":30,"modalType":"ResultToastModal","activeModalCount":1},"timestamp":1777118761748}
{"sessionId":"86565f","runId":"pre-fix","hypothesisId":"H2","location":"UIRouter.cs:OpenModal","message":"OpenModal short-circuited because already active","data":{"modalType":"ResultToastModal"},"timestamp":1777118761749}
{"sessionId":"86565f","runId":"pre-fix","hypothesisId":"H2","location":"UIRouter.cs:OpenModal","message":"OpenModal short-circuited because already active","data":{"modalType":"ResultToastModal"},"timestamp":1777118761749}
{"sessionId":"86565f","runId":"pre-fix","hypothesisId":"H3","location":"UIRouter.cs:CloseModal","message":"CloseModal invoked","data":{"modalType":"ResultToastModal"},"timestamp":1777118761930}
{"sessionId":"86565f","runId":"pre-fix","hypothesisId":"H3","location":"UIRouter.cs:CloseModal","message":"CloseModal invoked","data":{"modalType":"ResultToastModal"},"timestamp":1777118761930}
{"sessionId":"86565f","runId":"pre-fix","hypothesisId":"H1","location":"UIStateMachine.cs:IsModalActive","message":"IsModalActive called","data":{"callIndex":31,"modalType":"ResultToastModal","activeModalCount":1},"timestamp":1777118761932}
{"sessionId":"86565f","runId":"pre-fix","hypothesisId":"H1","location":"UIStateMachine.cs:IsModalActive","message":"IsModalActive called","data":{"callIndex":31,"modalType":"ResultToastModal","activeModalCount":1},"timestamp":1777118761932}
{"sessionId":"86565f","runId":"pre-fix-2","hypothesisId":"H11","location":"UIManager.cs:EnsureResultToastModalReference","message":"Existing resultToastModal reused","data":{"activeSelf":true,"inHierarchy":true,"sceneLoaded":true,"sceneName":"GameScene"},"timestamp":1777118761934}
{"sessionId":"86565f","runId":"pre-fix-2","hypothesisId":"H11","location":"UIManager.cs:EnsureResultToastModalReference","message":"Existing resultToastModal reused","data":{"activeSelf":true,"inHierarchy":true,"sceneLoaded":true,"sceneName":"GameScene"},"timestamp":1777118761934}
{"sessionId":"86565f","runId":"pre-fix-2","hypothesisId":"H12","location":"UIManager.cs:HidePanel(ResultToastModal)","message":"HidePanel calling HideImmediate","data":{"toastActiveSelf":true,"toastInHierarchy":true},"timestamp":1777118761936}
{"sessionId":"86565f","runId":"pre-fix-2","hypothesisId":"H12","location":"UIManager.cs:HidePanel(ResultToastModal)","message":"HidePanel calling HideImmediate","data":{"toastActiveSelf":true,"toastInHierarchy":true},"timestamp":1777118761936}
{"sessionId":"86565f","runId":"pre-fix-2","hypothesisId":"H12","location":"ResultToastModal.cs:HideImmediate","message":"HideImmediate called","data":{"activeSelfBefore":true,"inHierarchyBefore":true,"stack":"  at UIManager.HidePanel (UIKey uiKey) [0x0019f] in <c59b4266b1e645c48db298a98ab23b56>:0     at UIRouter.CloseModal (UIKey modalType) [0x00061] in <c59b4266b1e645c48db298a98ab23b56>:0     at UIRouter.RouteClosePanel (UIKey uiKey) [0x0001c] in <c59b4266b1e645c48db298a98ab23b56>:0     at UIManager.ClosePanelCore (UIKey type) [0x00000] in <c59b4266b1e645c48db298a98ab23b56>:0     at UIManager.CloseUIEntry (UIKey type) [0x00000] in <c59b4266b1e645c48db298a98ab23b56>:0     at UIManager.HideResultToast () [0x00000] in <c59b4266b1e645c48db298a98ab23b56>:0     at ResultToastModal+<HideAfterSecondsCoroutine>d__15.MoveNext () [0x00062] in <c59b4266b1e645c48db298a98ab23b56>:0     at UnityEngine.SetupCoroutine.InvokeMoveNext (System.Collections.IEnumerator enumerator, System.IntPtr returnValueAddress) [0x00000] in <28611404488f40de8ab3e99005e40ccd>:0 "},"timestamp":1777118761937}
{"sessionId":"86565f","runId":"pre-fix-2","hypothesisId":"H12","location":"ResultToastModal.cs:HideImmediate","message":"HideImmediate called","data":{"activeSelfBefore":true,"inHierarchyBefore":true,"stack":"  at UIManager.HidePanel (UIKey uiKey) [0x0019f] in <c59b4266b1e645c48db298a98ab23b56>:0     at UIRouter.CloseModal (UIKey modalType) [0x00061] in <c59b4266b1e645c48db298a98ab23b56>:0     at UIRouter.RouteClosePanel (UIKey uiKey) [0x0001c] in <c59b4266b1e645c48db298a98ab23b56>:0     at UIManager.ClosePanelCore (UIKey type) [0x00000] in <c59b4266b1e645c48db298a98ab23b56>:0     at UIManager.CloseUIEntry (UIKey type) [0x00000] in <c59b4266b1e645c48db298a98ab23b56>:0     at UIManager.HideResultToast () [0x00000] in <c59b4266b1e645c48db298a98ab23b56>:0     at ResultToastModal+<HideAfterSecondsCoroutine>d__15.MoveNext () [0x00062] in <c59b4266b1e645c48db298a98ab23b56>:0     at UnityEngine.SetupCoroutine.InvokeMoveNext (System.Collections.IEnumerator enumerator, System.IntPtr returnValueAddress) [0x00000] in <28611404488f40de8ab3e99005e40ccd>:0 "},"timestamp":1777118761937}
{"sessionId":"86565f","runId":"pre-fix-2","hypothesisId":"H12","location":"ResultToastModal.cs:OnDisable","message":"ResultToastModal disabled","data":{"activeSelf":false,"inHierarchy":false},"timestamp":1777118761940}
{"sessionId":"86565f","runId":"pre-fix-2","hypothesisId":"H12","location":"ResultToastModal.cs:OnDisable","message":"ResultToastModal disabled","data":{"activeSelf":false,"inHierarchy":false},"timestamp":1777118761940}
{"sessionId":"86565f","runId":"pre-fix","hypothesisId":"H4","location":"UIManager.cs:OpenPanelCore","message":"OpenPanelCore invoked","data":{"type":"ResultToastModal"},"timestamp":1777118761954}
{"sessionId":"86565f","runId":"pre-fix","hypothesisId":"H4","location":"UIManager.cs:OpenPanelCore","message":"OpenPanelCore invoked","data":{"type":"ResultToastModal"},"timestamp":1777118761954}
{"sessionId":"86565f","runId":"pre-fix","hypothesisId":"H2","location":"UIRouter.cs:OpenModal","message":"OpenModal invoked","data":{"modalType":"ResultToastModal"},"timestamp":1777118761955}
{"sessionId":"86565f","runId":"pre-fix","hypothesisId":"H2","location":"UIRouter.cs:OpenModal","message":"OpenModal invoked","data":{"modalType":"ResultToastModal"},"timestamp":1777118761955}
{"sessionId":"86565f","runId":"pre-fix","hypothesisId":"H1","location":"UIStateMachine.cs:IsModalActive","message":"IsModalActive called","data":{"callIndex":32,"modalType":"ResultToastModal","activeModalCount":0},"timestamp":1777118761956}
{"sessionId":"86565f","runId":"pre-fix","hypothesisId":"H1","location":"UIStateMachine.cs:IsModalActive","message":"IsModalActive called","data":{"callIndex":32,"modalType":"ResultToastModal","activeModalCount":0},"timestamp":1777118761956}
{"sessionId":"86565f","runId":"pre-fix-2","hypothesisId":"H11","location":"UIManager.cs:EnsureResultToastModalReference","message":"Existing resultToastModal reused","data":{"activeSelf":false,"inHierarchy":false,"sceneLoaded":true,"sceneName":"GameScene"},"timestamp":1777118761957}
{"sessionId":"86565f","runId":"pre-fix-2","hypothesisId":"H11","location":"UIManager.cs:EnsureResultToastModalReference","message":"Existing resultToastModal reused","data":{"activeSelf":false,"inHierarchy":false,"sceneLoaded":true,"sceneName":"GameScene"},"timestamp":1777118761957}
{"sessionId":"86565f","runId":"pre-fix-2","hypothesisId":"H10","location":"UIManager.cs:ShowPanel(ResultToastModal)","message":"Calling ResultToastModal.Show","data":{"toastActiveSelf":false,"toastInHierarchy":false,"toastEnabled":true,"pendingMsgEmpty":false},"timestamp":1777118761958}
{"sessionId":"86565f","runId":"pre-fix-2","hypothesisId":"H10","location":"UIManager.cs:ShowPanel(ResultToastModal)","message":"Calling ResultToastModal.Show","data":{"toastActiveSelf":false,"toastInHierarchy":false,"toastEnabled":true,"pendingMsgEmpty":false},"timestamp":1777118761958}
{"sessionId":"86565f","runId":"pre-fix-2","hypothesisId":"H8","location":"ResultToastModal.cs:Show","message":"Show entered","data":{"selfActive":false,"inHierarchy":false,"componentEnabled":true,"hasParent":true,"parentInHierarchy":true},"timestamp":1777118761961}
{"sessionId":"86565f","runId":"pre-fix-2","hypothesisId":"H8","location":"ResultToastModal.cs:Show","message":"Show entered","data":{"selfActive":false,"inHierarchy":false,"componentEnabled":true,"hasParent":true,"parentInHierarchy":true},"timestamp":1777118761961}
{"sessionId":"86565f","runId":"pre-fix-2","hypothesisId":"H12","location":"ResultToastModal.cs:OnEnable","message":"ResultToastModal enabled","data":{"activeSelf":true,"inHierarchy":true},"timestamp":1777118761961}
{"sessionId":"86565f","runId":"pre-fix-2","hypothesisId":"H12","location":"ResultToastModal.cs:OnEnable","message":"ResultToastModal enabled","data":{"activeSelf":true,"inHierarchy":true},"timestamp":1777118761961}
{"sessionId":"86565f","runId":"pre-fix-2","hypothesisId":"H8","location":"ResultToastModal.cs:Show","message":"After SetActive(true)","data":{"selfActive":true,"inHierarchy":true,"componentEnabled":true},"timestamp":1777118761962}
{"sessionId":"86565f","runId":"pre-fix-2","hypothesisId":"H8","location":"ResultToastModal.cs:Show","message":"After SetActive(true)","data":{"selfActive":true,"inHierarchy":true,"componentEnabled":true},"timestamp":1777118761962}
{"sessionId":"86565f","runId":"pre-fix-2","hypothesisId":"H9","location":"ResultToastModal.cs:Show","message":"StartCoroutine returned","data":{"hideCoroutineNull":false},"timestamp":1777118761963}
{"sessionId":"86565f","runId":"pre-fix-2","hypothesisId":"H9","location":"ResultToastModal.cs:Show","message":"StartCoroutine returned","data":{"hideCoroutineNull":false},"timestamp":1777118761963}
{"sessionId":"86565f","runId":"pre-fix","hypothesisId":"H4","location":"UIManager.cs:OpenPanelCore","message":"OpenPanelCore invoked","data":{"type":"ResultToastModal"},"timestamp":1777118762134}
{"sessionId":"86565f","runId":"pre-fix","hypothesisId":"H4","location":"UIManager.cs:OpenPanelCore","message":"OpenPanelCore invoked","data":{"type":"ResultToastModal"},"timestamp":1777118762134}
{"sessionId":"86565f","runId":"pre-fix","hypothesisId":"H2","location":"UIRouter.cs:OpenModal","message":"OpenModal invoked","data":{"modalType":"ResultToastModal"},"timestamp":1777118762137}
{"sessionId":"86565f","runId":"pre-fix","hypothesisId":"H2","location":"UIRouter.cs:OpenModal","message":"OpenModal invoked","data":{"modalType":"ResultToastModal"},"timestamp":1777118762137}
{"sessionId":"86565f","runId":"pre-fix","hypothesisId":"H1","location":"UIStateMachine.cs:IsModalActive","message":"IsModalActive called","data":{"callIndex":33,"modalType":"ResultToastModal","activeModalCount":1},"timestamp":1777118762138}
{"sessionId":"86565f","runId":"pre-fix","hypothesisId":"H1","location":"UIStateMachine.cs:IsModalActive","message":"IsModalActive called","data":{"callIndex":33,"modalType":"ResultToastModal","activeModalCount":1},"timestamp":1777118762138}
{"sessionId":"86565f","runId":"pre-fix","hypothesisId":"H2","location":"UIRouter.cs:OpenModal","message":"OpenModal short-circuited because already active","data":{"modalType":"ResultToastModal"},"timestamp":1777118762141}
{"sessionId":"86565f","runId":"pre-fix","hypothesisId":"H2","location":"UIRouter.cs:OpenModal","message":"OpenModal short-circuited because already active","data":{"modalType":"ResultToastModal"},"timestamp":1777118762141}
{"sessionId":"86565f","runId":"pre-fix","hypothesisId":"H4","location":"UIManager.cs:OpenPanelCore","message":"OpenPanelCore invoked","data":{"type":"ResultToastModal"},"timestamp":1777118763726}
{"sessionId":"86565f","runId":"pre-fix","hypothesisId":"H4","location":"UIManager.cs:OpenPanelCore","message":"OpenPanelCore invoked","data":{"type":"ResultToastModal"},"timestamp":1777118763726}
{"sessionId":"86565f","runId":"pre-fix","hypothesisId":"H2","location":"UIRouter.cs:OpenModal","message":"OpenModal invoked","data":{"modalType":"ResultToastModal"},"timestamp":1777118763729}
{"sessionId":"86565f","runId":"pre-fix","hypothesisId":"H2","location":"UIRouter.cs:OpenModal","message":"OpenModal invoked","data":{"modalType":"ResultToastModal"},"timestamp":1777118763729}
{"sessionId":"86565f","runId":"pre-fix","hypothesisId":"H1","location":"UIStateMachine.cs:IsModalActive","message":"IsModalActive called","data":{"callIndex":34,"modalType":"ResultToastModal","activeModalCount":1},"timestamp":1777118763731}
{"sessionId":"86565f","runId":"pre-fix","hypothesisId":"H1","location":"UIStateMachine.cs:IsModalActive","message":"IsModalActive called","data":{"callIndex":34,"modalType":"ResultToastModal","activeModalCount":1},"timestamp":1777118763731}
{"sessionId":"86565f","runId":"pre-fix","hypothesisId":"H2","location":"UIRouter.cs:OpenModal","message":"OpenModal short-circuited because already active","data":{"modalType":"ResultToastModal"},"timestamp":1777118763732}
{"sessionId":"86565f","runId":"pre-fix","hypothesisId":"H2","location":"UIRouter.cs:OpenModal","message":"OpenModal short-circuited because already active","data":{"modalType":"ResultToastModal"},"timestamp":1777118763732}
{"sessionId":"86565f","runId":"pre-fix","hypothesisId":"H4","location":"UIManager.cs:OpenPanelCore","message":"OpenPanelCore invoked","data":{"type":"ResultToastModal"},"timestamp":1777118764211}
{"sessionId":"86565f","runId":"pre-fix","hypothesisId":"H4","location":"UIManager.cs:OpenPanelCore","message":"OpenPanelCore invoked","data":{"type":"ResultToastModal"},"timestamp":1777118764211}
{"sessionId":"86565f","runId":"pre-fix","hypothesisId":"H2","location":"UIRouter.cs:OpenModal","message":"OpenModal invoked","data":{"modalType":"ResultToastModal"},"timestamp":1777118764213}
{"sessionId":"86565f","runId":"pre-fix","hypothesisId":"H2","location":"UIRouter.cs:OpenModal","message":"OpenModal invoked","data":{"modalType":"ResultToastModal"},"timestamp":1777118764213}
{"sessionId":"86565f","runId":"pre-fix","hypothesisId":"H1","location":"UIStateMachine.cs:IsModalActive","message":"IsModalActive called","data":{"callIndex":35,"modalType":"ResultToastModal","activeModalCount":1},"timestamp":1777118764214}
{"sessionId":"86565f","runId":"pre-fix","hypothesisId":"H1","location":"UIStateMachine.cs:IsModalActive","message":"IsModalActive called","data":{"callIndex":35,"modalType":"ResultToastModal","activeModalCount":1},"timestamp":1777118764214}
{"sessionId":"86565f","runId":"pre-fix","hypothesisId":"H2","location":"UIRouter.cs:OpenModal","message":"OpenModal short-circuited because already active","data":{"modalType":"ResultToastModal"},"timestamp":1777118764216}
{"sessionId":"86565f","runId":"pre-fix","hypothesisId":"H2","location":"UIRouter.cs:OpenModal","message":"OpenModal short-circuited because already active","data":{"modalType":"ResultToastModal"},"timestamp":1777118764216}
{"sessionId":"86565f","runId":"pre-fix","hypothesisId":"H4","location":"UIManager.cs:OpenPanelCore","message":"OpenPanelCore invoked","data":{"type":"ResultToastModal"},"timestamp":1777118764579}
{"sessionId":"86565f","runId":"pre-fix","hypothesisId":"H4","location":"UIManager.cs:OpenPanelCore","message":"OpenPanelCore invoked","data":{"type":"ResultToastModal"},"timestamp":1777118764579}
{"sessionId":"86565f","runId":"pre-fix","hypothesisId":"H2","location":"UIRouter.cs:OpenModal","message":"OpenModal invoked","data":{"modalType":"ResultToastModal"},"timestamp":1777118764581}
{"sessionId":"86565f","runId":"pre-fix","hypothesisId":"H2","location":"UIRouter.cs:OpenModal","message":"OpenModal invoked","data":{"modalType":"ResultToastModal"},"timestamp":1777118764581}
{"sessionId":"86565f","runId":"pre-fix","hypothesisId":"H1","location":"UIStateMachine.cs:IsModalActive","message":"IsModalActive called","data":{"callIndex":36,"modalType":"ResultToastModal","activeModalCount":1},"timestamp":1777118764583}
{"sessionId":"86565f","runId":"pre-fix","hypothesisId":"H1","location":"UIStateMachine.cs:IsModalActive","message":"IsModalActive called","data":{"callIndex":36,"modalType":"ResultToastModal","activeModalCount":1},"timestamp":1777118764583}
{"sessionId":"86565f","runId":"pre-fix","hypothesisId":"H2","location":"UIRouter.cs:OpenModal","message":"OpenModal short-circuited because already active","data":{"modalType":"ResultToastModal"},"timestamp":1777118764585}
{"sessionId":"86565f","runId":"pre-fix","hypothesisId":"H2","location":"UIRouter.cs:OpenModal","message":"OpenModal short-circuited because already active","data":{"modalType":"ResultToastModal"},"timestamp":1777118764585}
{"sessionId":"86565f","runId":"pre-fix","hypothesisId":"H3","location":"UIRouter.cs:CloseModal","message":"CloseModal invoked","data":{"modalType":"ResultToastModal"},"timestamp":1777118764951}
{"sessionId":"86565f","runId":"pre-fix","hypothesisId":"H3","location":"UIRouter.cs:CloseModal","message":"CloseModal invoked","data":{"modalType":"ResultToastModal"},"timestamp":1777118764951}
{"sessionId":"86565f","runId":"pre-fix","hypothesisId":"H1","location":"UIStateMachine.cs:IsModalActive","message":"IsModalActive called","data":{"callIndex":37,"modalType":"ResultToastModal","activeModalCount":1},"timestamp":1777118764953}
{"sessionId":"86565f","runId":"pre-fix","hypothesisId":"H1","location":"UIStateMachine.cs:IsModalActive","message":"IsModalActive called","data":{"callIndex":37,"modalType":"ResultToastModal","activeModalCount":1},"timestamp":1777118764953}
{"sessionId":"86565f","runId":"pre-fix-2","hypothesisId":"H11","location":"UIManager.cs:EnsureResultToastModalReference","message":"Existing resultToastModal reused","data":{"activeSelf":true,"inHierarchy":true,"sceneLoaded":true,"sceneName":"GameScene"},"timestamp":1777118764955}
{"sessionId":"86565f","runId":"pre-fix-2","hypothesisId":"H11","location":"UIManager.cs:EnsureResultToastModalReference","message":"Existing resultToastModal reused","data":{"activeSelf":true,"inHierarchy":true,"sceneLoaded":true,"sceneName":"GameScene"},"timestamp":1777118764955}
{"sessionId":"86565f","runId":"pre-fix-2","hypothesisId":"H12","location":"UIManager.cs:HidePanel(ResultToastModal)","message":"HidePanel calling HideImmediate","data":{"toastActiveSelf":true,"toastInHierarchy":true},"timestamp":1777118764957}
{"sessionId":"86565f","runId":"pre-fix-2","hypothesisId":"H12","location":"UIManager.cs:HidePanel(ResultToastModal)","message":"HidePanel calling HideImmediate","data":{"toastActiveSelf":true,"toastInHierarchy":true},"timestamp":1777118764957}
{"sessionId":"86565f","runId":"pre-fix-2","hypothesisId":"H12","location":"ResultToastModal.cs:HideImmediate","message":"HideImmediate called","data":{"activeSelfBefore":true,"inHierarchyBefore":true,"stack":"  at UIManager.HidePanel (UIKey uiKey) [0x0019f] in <c59b4266b1e645c48db298a98ab23b56>:0     at UIRouter.CloseModal (UIKey modalType) [0x00061] in <c59b4266b1e645c48db298a98ab23b56>:0     at UIRouter.RouteClosePanel (UIKey uiKey) [0x0001c] in <c59b4266b1e645c48db298a98ab23b56>:0     at UIManager.ClosePanelCore (UIKey type) [0x00000] in <c59b4266b1e645c48db298a98ab23b56>:0     at UIManager.CloseUIEntry (UIKey type) [0x00000] in <c59b4266b1e645c48db298a98ab23b56>:0     at UIManager.HideResultToast () [0x00000] in <c59b4266b1e645c48db298a98ab23b56>:0     at ResultToastModal+<HideAfterSecondsCoroutine>d__15.MoveNext () [0x00062] in <c59b4266b1e645c48db298a98ab23b56>:0     at UnityEngine.SetupCoroutine.InvokeMoveNext (System.Collections.IEnumerator enumerator, System.IntPtr returnValueAddress) [0x00000] in <28611404488f40de8ab3e99005e40ccd>:0 "},"timestamp":1777118764959}
{"sessionId":"86565f","runId":"pre-fix-2","hypothesisId":"H12","location":"ResultToastModal.cs:HideImmediate","message":"HideImmediate called","data":{"activeSelfBefore":true,"inHierarchyBefore":true,"stack":"  at UIManager.HidePanel (UIKey uiKey) [0x0019f] in <c59b4266b1e645c48db298a98ab23b56>:0     at UIRouter.CloseModal (UIKey modalType) [0x00061] in <c59b4266b1e645c48db298a98ab23b56>:0     at UIRouter.RouteClosePanel (UIKey uiKey) [0x0001c] in <c59b4266b1e645c48db298a98ab23b56>:0     at UIManager.ClosePanelCore (UIKey type) [0x00000] in <c59b4266b1e645c48db298a98ab23b56>:0     at UIManager.CloseUIEntry (UIKey type) [0x00000] in <c59b4266b1e645c48db298a98ab23b56>:0     at UIManager.HideResultToast () [0x00000] in <c59b4266b1e645c48db298a98ab23b56>:0     at ResultToastModal+<HideAfterSecondsCoroutine>d__15.MoveNext () [0x00062] in <c59b4266b1e645c48db298a98ab23b56>:0     at UnityEngine.SetupCoroutine.InvokeMoveNext (System.Collections.IEnumerator enumerator, System.IntPtr returnValueAddress) [0x00000] in <28611404488f40de8ab3e99005e40ccd>:0 "},"timestamp":1777118764959}
{"sessionId":"86565f","runId":"pre-fix-2","hypothesisId":"H12","location":"ResultToastModal.cs:OnDisable","message":"ResultToastModal disabled","data":{"activeSelf":false,"inHierarchy":false},"timestamp":1777118764961}
{"sessionId":"86565f","runId":"pre-fix-2","hypothesisId":"H12","location":"ResultToastModal.cs:OnDisable","message":"ResultToastModal disabled","data":{"activeSelf":false,"inHierarchy":false},"timestamp":1777118764961}
{"sessionId":"86565f","runId":"pre-fix","hypothesisId":"H4","location":"UIManager.cs:OpenPanelCore","message":"OpenPanelCore invoked","data":{"type":"ResultToastModal"},"timestamp":1777118764968}
{"sessionId":"86565f","runId":"pre-fix","hypothesisId":"H4","location":"UIManager.cs:OpenPanelCore","message":"OpenPanelCore invoked","data":{"type":"ResultToastModal"},"timestamp":1777118764968}
{"sessionId":"86565f","runId":"pre-fix","hypothesisId":"H2","location":"UIRouter.cs:OpenModal","message":"OpenModal invoked","data":{"modalType":"ResultToastModal"},"timestamp":1777118764970}
{"sessionId":"86565f","runId":"pre-fix","hypothesisId":"H2","location":"UIRouter.cs:OpenModal","message":"OpenModal invoked","data":{"modalType":"ResultToastModal"},"timestamp":1777118764970}
{"sessionId":"86565f","runId":"pre-fix","hypothesisId":"H1","location":"UIStateMachine.cs:IsModalActive","message":"IsModalActive called","data":{"callIndex":38,"modalType":"ResultToastModal","activeModalCount":0},"timestamp":1777118764971}
{"sessionId":"86565f","runId":"pre-fix","hypothesisId":"H1","location":"UIStateMachine.cs:IsModalActive","message":"IsModalActive called","data":{"callIndex":38,"modalType":"ResultToastModal","activeModalCount":0},"timestamp":1777118764971}
{"sessionId":"86565f","runId":"pre-fix-2","hypothesisId":"H11","location":"UIManager.cs:EnsureResultToastModalReference","message":"Existing resultToastModal reused","data":{"activeSelf":false,"inHierarchy":false,"sceneLoaded":true,"sceneName":"GameScene"},"timestamp":1777118764973}
{"sessionId":"86565f","runId":"pre-fix-2","hypothesisId":"H11","location":"UIManager.cs:EnsureResultToastModalReference","message":"Existing resultToastModal reused","data":{"activeSelf":false,"inHierarchy":false,"sceneLoaded":true,"sceneName":"GameScene"},"timestamp":1777118764973}
{"sessionId":"86565f","runId":"pre-fix-2","hypothesisId":"H10","location":"UIManager.cs:ShowPanel(ResultToastModal)","message":"Calling ResultToastModal.Show","data":{"toastActiveSelf":false,"toastInHierarchy":false,"toastEnabled":true,"pendingMsgEmpty":false},"timestamp":1777118764974}
{"sessionId":"86565f","runId":"pre-fix-2","hypothesisId":"H10","location":"UIManager.cs:ShowPanel(ResultToastModal)","message":"Calling ResultToastModal.Show","data":{"toastActiveSelf":false,"toastInHierarchy":false,"toastEnabled":true,"pendingMsgEmpty":false},"timestamp":1777118764974}
{"sessionId":"86565f","runId":"pre-fix-2","hypothesisId":"H8","location":"ResultToastModal.cs:Show","message":"Show entered","data":{"selfActive":false,"inHierarchy":false,"componentEnabled":true,"hasParent":true,"parentInHierarchy":true},"timestamp":1777118764975}
{"sessionId":"86565f","runId":"pre-fix-2","hypothesisId":"H8","location":"ResultToastModal.cs:Show","message":"Show entered","data":{"selfActive":false,"inHierarchy":false,"componentEnabled":true,"hasParent":true,"parentInHierarchy":true},"timestamp":1777118764975}
{"sessionId":"86565f","runId":"pre-fix-2","hypothesisId":"H12","location":"ResultToastModal.cs:OnEnable","message":"ResultToastModal enabled","data":{"activeSelf":true,"inHierarchy":true},"timestamp":1777118764977}
{"sessionId":"86565f","runId":"pre-fix-2","hypothesisId":"H12","location":"ResultToastModal.cs:OnEnable","message":"ResultToastModal enabled","data":{"activeSelf":true,"inHierarchy":true},"timestamp":1777118764977}
{"sessionId":"86565f","runId":"pre-fix-2","hypothesisId":"H8","location":"ResultToastModal.cs:Show","message":"After SetActive(true)","data":{"selfActive":true,"inHierarchy":true,"componentEnabled":true},"timestamp":1777118764978}
{"sessionId":"86565f","runId":"pre-fix-2","hypothesisId":"H8","location":"ResultToastModal.cs:Show","message":"After SetActive(true)","data":{"selfActive":true,"inHierarchy":true,"componentEnabled":true},"timestamp":1777118764978}
{"sessionId":"86565f","runId":"pre-fix-2","hypothesisId":"H9","location":"ResultToastModal.cs:Show","message":"StartCoroutine returned","data":{"hideCoroutineNull":false},"timestamp":1777118764979}
{"sessionId":"86565f","runId":"pre-fix-2","hypothesisId":"H9","location":"ResultToastModal.cs:Show","message":"StartCoroutine returned","data":{"hideCoroutineNull":false},"timestamp":1777118764979}
{"sessionId":"86565f","runId":"pre-fix","hypothesisId":"H3","location":"UIRouter.cs:CloseModal","message":"CloseModal invoked","data":{"modalType":"ResultToastModal"},"timestamp":1777118767970}
{"sessionId":"86565f","runId":"pre-fix","hypothesisId":"H3","location":"UIRouter.cs:CloseModal","message":"CloseModal invoked","data":{"modalType":"ResultToastModal"},"timestamp":1777118767970}
{"sessionId":"86565f","runId":"pre-fix","hypothesisId":"H1","location":"UIStateMachine.cs:IsModalActive","message":"IsModalActive called","data":{"callIndex":39,"modalType":"ResultToastModal","activeModalCount":1},"timestamp":1777118767973}
{"sessionId":"86565f","runId":"pre-fix","hypothesisId":"H1","location":"UIStateMachine.cs:IsModalActive","message":"IsModalActive called","data":{"callIndex":39,"modalType":"ResultToastModal","activeModalCount":1},"timestamp":1777118767973}
{"sessionId":"86565f","runId":"pre-fix-2","hypothesisId":"H11","location":"UIManager.cs:EnsureResultToastModalReference","message":"Existing resultToastModal reused","data":{"activeSelf":true,"inHierarchy":true,"sceneLoaded":true,"sceneName":"GameScene"},"timestamp":1777118767974}
{"sessionId":"86565f","runId":"pre-fix-2","hypothesisId":"H11","location":"UIManager.cs:EnsureResultToastModalReference","message":"Existing resultToastModal reused","data":{"activeSelf":true,"inHierarchy":true,"sceneLoaded":true,"sceneName":"GameScene"},"timestamp":1777118767974}
{"sessionId":"86565f","runId":"pre-fix-2","hypothesisId":"H12","location":"UIManager.cs:HidePanel(ResultToastModal)","message":"HidePanel calling HideImmediate","data":{"toastActiveSelf":true,"toastInHierarchy":true},"timestamp":1777118767975}
{"sessionId":"86565f","runId":"pre-fix-2","hypothesisId":"H12","location":"UIManager.cs:HidePanel(ResultToastModal)","message":"HidePanel calling HideImmediate","data":{"toastActiveSelf":true,"toastInHierarchy":true},"timestamp":1777118767975}
{"sessionId":"86565f","runId":"pre-fix-2","hypothesisId":"H12","location":"ResultToastModal.cs:HideImmediate","message":"HideImmediate called","data":{"activeSelfBefore":true,"inHierarchyBefore":true,"stack":"  at UIManager.HidePanel (UIKey uiKey) [0x0019f] in <c59b4266b1e645c48db298a98ab23b56>:0     at UIRouter.CloseModal (UIKey modalType) [0x00061] in <c59b4266b1e645c48db298a98ab23b56>:0     at UIRouter.RouteClosePanel (UIKey uiKey) [0x0001c] in <c59b4266b1e645c48db298a98ab23b56>:0     at UIManager.ClosePanelCore (UIKey type) [0x00000] in <c59b4266b1e645c48db298a98ab23b56>:0     at UIManager.CloseUIEntry (UIKey type) [0x00000] in <c59b4266b1e645c48db298a98ab23b56>:0     at UIManager.HideResultToast () [0x00000] in <c59b4266b1e645c48db298a98ab23b56>:0     at ResultToastModal+<HideAfterSecondsCoroutine>d__15.MoveNext () [0x00062] in <c59b4266b1e645c48db298a98ab23b56>:0     at UnityEngine.SetupCoroutine.InvokeMoveNext (System.Collections.IEnumerator enumerator, System.IntPtr returnValueAddress) [0x00000] in <28611404488f40de8ab3e99005e40ccd>:0 "},"timestamp":1777118767977}
{"sessionId":"86565f","runId":"pre-fix-2","hypothesisId":"H12","location":"ResultToastModal.cs:HideImmediate","message":"HideImmediate called","data":{"activeSelfBefore":true,"inHierarchyBefore":true,"stack":"  at UIManager.HidePanel (UIKey uiKey) [0x0019f] in <c59b4266b1e645c48db298a98ab23b56>:0     at UIRouter.CloseModal (UIKey modalType) [0x00061] in <c59b4266b1e645c48db298a98ab23b56>:0     at UIRouter.RouteClosePanel (UIKey uiKey) [0x0001c] in <c59b4266b1e645c48db298a98ab23b56>:0     at UIManager.ClosePanelCore (UIKey type) [0x00000] in <c59b4266b1e645c48db298a98ab23b56>:0     at UIManager.CloseUIEntry (UIKey type) [0x00000] in <c59b4266b1e645c48db298a98ab23b56>:0     at UIManager.HideResultToast () [0x00000] in <c59b4266b1e645c48db298a98ab23b56>:0     at ResultToastModal+<HideAfterSecondsCoroutine>d__15.MoveNext () [0x00062] in <c59b4266b1e645c48db298a98ab23b56>:0     at UnityEngine.SetupCoroutine.InvokeMoveNext (System.Collections.IEnumerator enumerator, System.IntPtr returnValueAddress) [0x00000] in <28611404488f40de8ab3e99005e40ccd>:0 "},"timestamp":1777118767977}
{"sessionId":"86565f","runId":"pre-fix-2","hypothesisId":"H12","location":"ResultToastModal.cs:OnDisable","message":"ResultToastModal disabled","data":{"activeSelf":false,"inHierarchy":false},"timestamp":1777118767980}
{"sessionId":"86565f","runId":"pre-fix-2","hypothesisId":"H12","location":"ResultToastModal.cs:OnDisable","message":"ResultToastModal disabled","data":{"activeSelf":false,"inHierarchy":false},"timestamp":1777118767980}
